ACC,metoncholaimus.1,sphaerolaimus.1,sphaerolaimus.2,oncholaimidae.1,oncholaimidae.2,thoracostoma.10,thoracostoma.11,epacanthion.1,epacanthion.2,thoracostoma.1,pontonema.1,oncholaimidae.3,pontonema.2,thoracostoma.2,oncholaimidae.4,thoracostoma.3,pontonema.3,thoracostoma.4,thoracostoma.5,oncholaimidae.5,oncholaimidae.6,oncholaimidae.7,oncholaimidae.8,sphaerolaimus.3,thoracostoma.6,thoracostoma.7,oncholaimidae.9,epacanthion.3,enoplolaimus.1,enoplolaimus.2,thoracostoma.8,thoracostoma.9,adoncholaimus.1,adoncholaimus.2,adoncholaimus.3,adoncholaimus.4,adoncholaimus.5,adoncholaimus.6,adoncholaimus.7,adoncholaimus.8,adoncholaimus.9,adoncholaimus.10,adoncholaimus.11
P_1131a,0.134682421,0.000344555,0.003133848,0.00237161,0.001095885,1.33E-05,0,0.00068989,0,0,0,0,0,0,0.000151133,0,0,0,0,0.000911064,0,0,0,1.79E-05,0,0,0,0,0,0,0,0,0,0,2.36E-05,0,0,0,0,0,2.12E-06,0,0
P_1161b,6.92163147,0.090053081,0.449907727,0.104681133,0.136946573,7.42E-06,2.77E-05,0.001733753,0,0,3.34E-05,0,0,0,0.000224233,0,0,0,0,0.014943398,0,0,0,2.00E-05,0,0,0,0,0,0,0,0,0,0,0,0,0,0,0,7.10E-06,4.73E-06,0,1.52E-05
P_125,0.101233008,0.001217758,0.001619075,0.002660943,0.001025254,2.01E-05,3.58E-06,0.000174163,7.70E-05,0,0,0,0,0,0.000186781,0,0,0,0,0.00097077,0,0,0,9.06E-05,0,0,0,0,0,0,0,0,0,0,0,0,0,0,0,0,0,0,0
P_126,0.010416404,0.000405747,0.003707579,0.001489495,0.001260148,0.000162708,0.000153451,0.001880158,0.00021559,9.37E-05,3.52E-05,1.10E-05,9.67E-05,1.38E-05,0.002086811,0.000380492,5.02E-05,8.13E-05,3.10E-05,0.001641348,0,0,0,0.004546904,0,0.000181257,0,0.000669604,0,0,0.000131355,7.66E-05,0,0,2.23E-05,3.73E-05,0,0,0,2.99E-06,3.39E-05,1.05E-05,1.79E-05
P_130,2.989898447,0.000970549,0.003209996,0.00422867,0.001089498,1.36E-05,3.63E-06,0.000252376,3.91E-05,0,0,0,0,0,6.93E-05,0,0,0,0,0.000887753,0,0,0,1.84E-05,0,0,0,5.20E-05,0,0,0,0,0,0,8.07E-06,0,0,0,0,0,0,0,0
P_17a,0.164927638,0.000699837,0.002146428,0.003122169,0.001587584,2.02E-05,7.19E-06,0.00060054,0.000154938,0,0,0,1.60E-05,0,0.000286354,0,0,0,0,0.002156908,0,0,0,3.64E-05,0,0,0,0,0,0,0,0,0,0,0,0,0,0,0,0,0,0,2.76E-06
P_1CM17D,2.858692737,0.000933536,0.004021034,0.005538596,0.000857413,3.27E-05,1.40E-05,0.000145651,7.52E-05,0,0,0,0,0,0.000104453,0,0,0,0,0.000842241,0,0,0,0,0,0,0,0,0,0,0,0,0,0,0,3.34E-05,3.43E-05,0,0,0,0,0,2.68E-06
P_2102,0.001815284,0,0.000619204,0,0.000136924,2.51E-05,6.69E-06,0.000511713,0.000216034,0,0,0,0,1.39E-05,0.000900755,0,0,0,0,0.002125028,0,0,0,6.78E-05,0,2.27E-05,0,0,0,0,0,0,0,0,0,0,0,0,0,0,0,0,0
P_2103,0.001594986,0,0.000135469,8.16E-05,1.50E-05,3.70E-05,6.58E-06,0.000412186,0,0,1.39E-05,0,0,0,0.000528304,0,0,0,0,0.002160825,0,0,0,5.00E-05,0,0,0,0,0,0,1.30E-05,0,0,0,0,0,0,0,0,0,1.97E-06,0,0
P_2CM32C,0.16653192,0.41316618,0.612883045,1.815282324,1.457547364,0.178202319,0.127227113,0.059668507,0.017058622,0.036891844,0.061919988,0.065427644,0.066649345,0.348300283,0.007753593,0.169729518,0.176891375,0.386481042,0.36114152,0.019202523,0.18584716,0.073984076,0.022305138,0.134208657,0.057976899,0.245379276,0.081718737,0.113755809,0.270289414,0.150005961,0.245109456,0.182080691,0.162453007,0.064042474,0.112605801,0.087679027,0.146673595,0.040614294,0.104464659,0.06989117,0.059533817,0.117501333,0.042165732
P_2CM36K,1.07220014,0.005818467,0.033866064,0.011354939,0.010304119,2.32E-05,3.71E-05,0.000516508,0,0,0,0,0,0,0.000275839,0,0,0,0,0.007199907,0,0,0,6.27E-05,0,0,0,0,0,0,0,0,0,0,1.83E-05,0,0,0,0,0,4.93E-06,0,0
P_2CM37A,2.889016903,0.000699125,0.00428849,0.004010134,0.001406117,6.74E-06,2.51E-05,0.000149982,0.000154781,0,7.58E-06,0,0,0,4.58E-05,0,0,0,0,0.000597198,0,0,0,0,0,0,0,0,0,0,1.41E-05,0,0,0,0,0,0,0,0,0,0,0,0
P_2CM41L,2.66831838,0.000599702,0.002102069,0.004804871,0.001250231,4.62E-05,7.04E-06,0.000465602,0.000113802,0,0,0,0,0,0.000143583,0,0,0,0,0.001612198,0,0,0,0,0,0,0,0,0,0,0,0,0,0,2.35E-05,0,0,0,0,0,0,0,5.41E-06
P_303,0.016171824,7.78E-05,0.00032911,0.000317322,0.000378435,1.20E-05,1.92E-05,0.003226647,0.000241129,0,0,0,0,0,0.000743599,0,0,0,0,0.026242409,0,0,0,0.000145841,0,0,0,0.000458526,0,0,0,0,0,0,0,0,0,0,0,0,0,0,0
P_802,0.00182192,0,0.0002066,0.000249001,0.000121828,4.39E-05,2.68E-05,0.000698464,0,0,0,0,0,0,0.00044122,0,0,0,0,0.002026454,0,0,0,1.70E-05,0,0,0,4.80E-05,0,0,0,0,0,0,2.23E-05,0,0,0,0,0,0,0,0
P_A22,0.00838907,7.16E-05,0.001635178,0.000510939,0.00032141,0.000104881,5.89E-05,0.000900879,0.000316943,1.65E-05,2.48E-05,0,0,1.22E-05,0.001711382,0,0,0,0,0.003372439,0,0,0,5.96E-05,0,0,0,0,0,1.39E-05,0.000150624,1.35E-05,0,0,0.000104721,0,0,0,0,0,1.94E-05,0,4.29E-05
P_A25,0.010193482,0.000484633,0.002665248,0.00032946,0.000755596,0.000274073,0.000116214,0.004967342,0.000643763,8.40E-05,4.21E-05,1.09E-05,1.48E-05,2.76E-05,0.002356314,0,4.99E-05,0,0,0.007250489,0,0,0,0.000218717,0,2.26E-05,0,0.000190426,0,6.29E-05,0,0.000160052,0,9.14E-06,0.000627773,0,0,0,3.84E-05,1.79E-05,8.94E-05,3.64E-05,0.000262445
P_AC163,0.056217954,0.005124891,0.026219651,0.032090648,0.011491004,1.85E-05,1.65E-05,0.001626249,0.000141826,0,6.95E-05,1.08E-05,0,1.37E-05,0.00021389,0,0,0,0,0.002818568,0,0,0,1.67E-05,0,0,0,9.44E-05,0,0,0,0,0,0,2.93E-05,1.05E-05,0,0,0,0,3.94E-06,0,2.53E-06
P_ACER1,0.007709582,7.61E-05,0.000386366,0.00031044,0.000242071,1.76E-05,1.88E-05,0.015892182,0.004313587,0,0.000138691,2.06E-05,1.39E-05,0,0.005084327,0,0,6.78E-05,0,0.097891871,0,0,0,0.000475594,1.31E-05,0,0,0.000628014,8.14E-05,8.89E-05,6.16E-05,7.18E-06,0,0,0,5.00E-06,0,0,1.81E-05,1.12E-05,5.62E-06,7.84E-05,2.40E-05
P_APAL1,0.010710143,0.000406545,0.001375879,0.000580388,0.000197761,0,0,0.00065121,3.60E-05,0,0,0,0,0,0.000300223,0,0,0,0,0.000974461,0,0,0,6.77E-05,0,0,0,9.58E-05,0,0,0,0,0,0,0,0,0,0,0,0,0,0,2.56E-06
P_APM04,0.084244873,0.06296507,0.286023134,0.684277057,0.095708752,8.53E-05,3.79E-05,0.004087282,0.000244919,0,4.00E-05,1.25E-05,0,1.57E-05,0.002370701,0,0,0,0,0.033405181,0,0,0,0.000729694,0,0,0,0.000217342,0,8.98E-06,0,8.70E-06,0,5.22E-06,3.37E-05,6.05E-06,0,0,0,0,0,0,2.04E-05
P_B7P1,0.012877559,0.000162569,0.000550186,0.000911763,0.000456234,6.27E-06,0.000110268,0.003464321,0.000755821,0,8.46E-05,3.30E-05,6.70E-05,0,0.003635651,0.000199637,0,4.52E-05,0,0.04129464,0,0,0,0.019487737,0,9.08E-05,0,9.58E-05,0,0,0,2.30E-05,0,0,7.43E-06,0,0,0,0,2.10E-05,0,0,0
P_B95,0.000693829,0,0.000313871,0,6.94E-05,4.77E-06,5.08E-06,7.07E-05,5.48E-05,0,0,0,1.13E-05,1.06E-05,0.000527829,6.90E-05,0,0,1.18E-05,0.00091085,0,0,0,0,9.02E-05,0,0,0,0.000727532,0.000222737,0,1.17E-05,0,0,0,0,0,0,0,0,0,0,0
P_BMB,0.010318414,0.002486818,0.001803468,0.006665689,0.002565613,0.000635602,0.052720618,0.000548736,0.000408988,0.015511316,0.000924824,0.000278965,0.002676113,0.000145507,0.051234568,0.003934306,0.002019958,2.37E-05,0.000922145,0.002962066,0.000102968,0.000520258,0.00521064,0.001568772,0.000445347,0.00267811,0,0.000795673,0.00026602,0.001681065,0.000586553,0.002158796,0.001010054,0.001085868,0.004853096,0.000251979,0.00074627,8.59E-05,0.00018598,9.17E-05,0.000239394,0.001034454,4.03E-05
P_BZA4,0.008953904,0,0.000484214,0.000583589,0.000351814,1.26E-05,1.34E-05,0.003180466,0.000289607,0,0,0,7.49E-06,0,0.001747046,0,0,0,0,0.040164854,0,0,0,0.000170297,0,0,0,0.000289124,8.75E-05,0,0,3.86E-05,0,0,0,0,0,0,0,0,0,0,0
P_BZB3,0.000867647,0.000165239,0.000559222,0.000168498,0,6.37E-06,0,0.000236324,0.000914566,0,0,0,0,1.41E-05,0.000131977,0,0,0,0,0.000652546,0,0,0,0,0,0,0,0,0,0,0,0,0,0,0,0,0,0,0,0,0,0,0
P_BZK2,0.005412797,7.97E-05,0.00053933,0.001300035,7.45E-05,1.84E-05,1.31E-05,0.000182334,3.53E-05,0,0,0,0,0,0.001116333,0,0,0,0,0.000651224,0,0,0,0,0,0,0,0,0,0,0,0,0,0,0,0,0,0,0,0,0,0,0
P_C2R02,0.004473275,0.001767031,0.010908318,0.002402504,0.001775441,2.52E-05,1.61E-05,0.002995189,0.001130152,0,0.000107901,0,0,2.23E-05,0.001372774,0,0,0,0,0.008425502,0,0,0,0.000245375,0,0,0,0,7.00E-05,0,0,0,0,0,0,0,0,0,0,4.83E-06,0,0,6.19E-06
P_CNAT218,0.000957253,0.000192188,8.13E-05,0,0.000143828,7.41E-06,1.19E-05,0.000357326,8.51E-05,0,0,0,0,0,0.000294421,0,0,0,0,0.001333148,0,0,0,0,0,0,0,0,0,0,0,0,0,0,0,0,0,0,0,0,0,0,0
P_CNAT2181,0.001003354,0,0.000162602,0,5.39E-05,1.48E-05,3.95E-06,0.000467257,0,0,0,0,0,0,0.000231503,0,0,0,0,0.001501394,0,0,0,4.00E-05,0,0,0,0,0,0,0,0,0,0,8.79E-06,0,0,0,0,0,2.36E-06,0,0
P_CNAT241,0.000968884,0,0.000325246,0,5.39E-05,7.41E-06,0,0.000467319,0.000255319,0,0,0,0,0,0.000279351,0,0,0,0,0.001518094,0,0,0,2.00E-05,0,0,0,0,0,0,0,0,0,0,0,0,0,0,0,0,2.36E-06,0,3.03E-06
P_CNC920,0.00161899,0,0.000160184,0.000289588,7.08E-05,0,0,0.001462162,0.00016766,1.09E-05,0,0,0,0,0.00291522,2.11E-05,0,0,0,0.01099064,0,0,0,7.89E-05,0,0,0,0,0,0,0,0,0,0,0.000138491,0,0,0,0,0,0,0,5.97E-06
P_CO109Y,0.00228653,0.000166751,0.000423255,0,1.56E-05,1.93E-05,6.85E-06,0.000238486,0.000110752,0,0,0,0,1.42E-05,0.000604791,1.86E-05,0,6.49E-05,0.000127304,0.000999228,0,0,0,1.74E-05,0,9.31E-05,0,0,0,0,5.40E-05,7.87E-05,0,0,0,5.48E-06,0,0,0,0,0,0,0
P_CO133X,0.039466246,0.000344417,0.003569701,0.472903095,0.552588596,0.029887167,0.020490635,0.000492582,0.00232566,0.004366163,0.003474317,0.010211866,0.00381117,0.050710186,0.005682132,0.020935965,0.012505494,0.058751555,0.050550473,0.000940268,0.029365248,0.032784651,0.009887193,0.000699467,0.010106308,0.030723737,0.020456915,0.010809584,0.018053048,0.009104512,0.033115585,0.025227016,0.045876773,0.019436449,0.035373926,0.032848867,0.057427265,0.011022143,0.039953737,0.025329182,0.022590373,0.041845889,0.012839533
P_CO302Y,0.005644234,0.000344525,0.000801613,0.000263489,0.000161146,1.99E-05,7.08E-06,0.000147821,3.81E-05,0,0,0,0,0,0.000121798,0,0,0,0,0.00060338,0,0,0,1.79E-05,0,0,0,0,0,0,0,0,0,0,7.88E-06,0,0,0,0,0,2.12E-06,5.55E-06,0
P_CO325X,0.006451772,0,0.000797229,0.000480422,0.000370211,7.27E-06,0,0.00059295,0.000333775,0,0,0,0,0,0.000676096,0,0,1.05E-05,0,0.003465463,0,0,0,1.96E-05,2.43E-05,0,0,0.000222145,0,0,0,0,0,0,1.72E-05,0,1.90E-05,0,0,0,0,0,2.97E-06
P_CO342X,0.143043441,0.319158877,0.326393974,0.822323214,0.980071396,0.138056263,0.099298708,0.045982406,0.015095016,0.028503677,0.046415937,0.044532763,0.050626512,0.26812319,0.005913044,0.136087218,0.141490532,0.310618554,0.288673872,0.002177287,0.131274777,0.061991025,0.020542804,0.11872644,0.044647841,0.18783753,0.058609193,0.09214235,0.215489147,0.119806621,0.193705262,0.145017612,0.116230152,0.046469092,0.083525197,0.059790087,0.106341909,0.030148879,0.071703253,0.047672565,0.042152143,0.08229251,0.032348298
P_CO348,0.012623002,0.034481172,0.031385768,0.08840728,0.091387478,0.009775429,0.00675034,0.000141476,0.001783318,0.001738412,0.006854819,0.005117908,0.007530582,0.026202796,0.000292352,0.013646424,0.027816987,0.026543447,0.023910314,0.000630864,0.015336818,0.009860546,0.002931785,0.021340681,0.003785701,0.017084361,0.008148685,0.011494131,0.022637526,0.014082584,0.017144518,0.012614297,0.011627583,0.00509529,0.005446432,0.007020945,0.011631516,0.002807458,0.008221846,0.005200265,0.005235729,0.009973123,0.00322084
P_Cn537,0.006680367,0,0.000402221,0.000484769,5.93E-05,0,9.77E-06,0.003966106,0.002104968,4.58E-05,6.88E-06,0,0,0.000405648,0.001711759,3.54E-05,9.79E-05,0.000484906,9.07E-05,0.005961353,0,0,0,0.00018154,0.000197288,8.85E-05,0,0.000233495,0,0,0.000141077,2.99E-05,3.60E-05,1.35E-05,7.24E-06,0.002726642,0.000384087,0,0,0.000119841,8.57E-05,2.55E-05,0.000167462
P_CnMc713,0.001659258,0.000570099,0.000401958,0.000484452,0.000106662,3.66E-05,1.17E-05,0.000733816,0.000252431,0,0,0,8.71E-06,0,0.000684255,0,0,0,0,0.002042555,0,0,0,5.94E-05,0,0,0,0,0.000101641,0.000388554,0,0,0,0,9.56E-05,0,0,0,0,0,9.35E-06,0,1.50E-05
P_CnMc715,0.00125996,0.000380017,0.000241143,0.000290633,0.000124422,0,7.81E-06,0.000815245,0,0,0,0,0,0,0.000816024,0,0,0,0,0.002192361,0,0,0,3.96E-05,0,0,0,0,0.000203256,0.000222002,0,0,0,0,0.000121617,1.25E-05,0,0,0,3.50E-06,2.34E-06,0,8.99E-06
P_CnMc737,0.006111004,0.000156426,0.000397048,0.000638045,0.000131698,0.000699663,5.79E-05,0.011499183,0.008415464,0,0.000162886,0,0,0.000106781,0.003053823,3.49E-05,9.67E-05,0.000478669,0.000119422,0.026552208,0,0,0,0.000130331,3.36E-05,0.002271078,0,0.000691474,0.000167332,0.000373146,0.000227884,0.000258302,0,0,0,0,0,0,0.00053973,1.73E-05,2.89E-05,8.57E-05,1.97E-05
P_D15MCD2,0.01111284,0.000335782,0.001775617,0.002311229,0.000345524,0.000161841,0.000103525,0.000960466,0.000260188,0.000164838,7.28E-06,0,0,0,0.002193889,3.75E-05,0,5.60E-05,6.41E-05,0.003012411,0,0,0,0.000139883,0,0,0,0.000148431,0,0,5.44E-05,3.96E-05,0,1.43E-05,3.07E-05,0,0,0,0,3.10E-06,8.26E-06,0,1.85E-05
P_DL2H1,0.00104628,0.000135682,0.000286995,0,7.62E-05,0,0,0.000329887,0.000120156,0,0,0,0,0,2.66E-05,0,0,0,0,0.00068958,0,0,0,0,0,0,0,0,0,0,0,0,0,0,0,0,0,0,0,0,1.67E-06,0,0
P_DL2H22,0.002080357,0.000138946,0.000176339,0,3.90E-05,1.07E-05,5.71E-06,0.000178847,3.08E-05,0,0,0,0,0,7.64E-05,0,0,0,0,0.000515311,0,0,0,0,0,0,0,0,0,0,0,6.56E-06,0,0,0,0,0,0,0,0,1.71E-06,8.95E-06,0
P_DL2H6,0.001898032,0.000136625,0.000404585,0.00013932,7.67E-05,4.21E-05,1.97E-05,0.00054712,9.07E-05,0,0,0,0,0,0.000259391,0,0,0,0,0.000926612,0,0,0,1.42E-05,0,0,0,0,0,0,0,0,0,3.87E-06,0,0,0,0,0,0,1.68E-06,0,0
P_DSM17587,0.054763181,0.072691599,0.318563309,0.727376162,0.097541434,2.82E-05,3.00E-05,0.003186801,8.09E-05,0,0,0,0,3.12E-05,0.000571551,0,0,6.10E-05,3.49E-05,0.020810264,0,0,0,0.000209239,0,5.10E-05,0,0,0,0,1.48E-05,0,0,0,1.67E-05,0,0,0,0,0,0,0,0
P_EB27,0.027399299,0.002113801,0.007797616,0.016899016,0.004540084,1.96E-05,1.04E-05,0.000120926,3.74E-05,0,2.93E-05,0,0,0,0.000101852,0,0,0,0,0.000571993,0,0,0,0,0,0,0,0,0,0,0,0,0,0,1.55E-05,0,0,0,0,0,2.08E-06,0,5.33E-06
P_ECSMB14103,0.033199861,0.059628574,0.272432832,0.65431338,0.088830439,7.18E-06,0,0.000612952,0.000165016,0,0,0,0,0,0.000222025,0,0,0,0,0.016784283,0,0,0,0,0,0,0,0,0,0,3.02E-05,0,0,0,0,0,0,0,0,0,4.58E-06,0,0
P_EKP108,0.031237118,0.006342822,0.06010517,0.057866214,0.023908024,6.52E-06,0,2.42E-05,3.74E-05,0,7.34E-05,0,0,0,6.64E-05,0,0,0,0,0.000394966,0,0,0,3.52E-05,0,0,0,0,0,0,0,0,0,0,0,0,0,0,0,0,4.16E-06,0,2.67E-06
P_FE4,0.030894298,0.000687116,0.002543427,0.00078825,0.000401733,7.29E-05,3.88E-05,0.001105545,0.000228183,0,1.49E-05,0,0,1.47E-05,0.001133592,0,0,0,0,0.003778237,0,0,0,0.000107342,0,0,0,0.000911208,0,0,0,0,0,4.86E-06,7.85E-06,0,0,0,0,0,0,5.53E-06,8.13E-06
P_G4,0.001918742,8.69E-05,0.001029168,0.000354396,0.000178812,4.69E-05,1.07E-05,0.001391743,0.000961787,0.000110395,0,0,1.59E-05,0,0.000311712,0,0,0,0,0.002312325,0,0,0,1.81E-05,0,0,0,0,0,0,0,0,0,0,0,0,0,0,0,0,2.14E-06,1.12E-05,2.74E-06
P_HMSA03,0.002746139,0.000145738,0.000801486,0,6.82E-05,2.25E-05,0,0.000208432,0.000161326,8.42E-06,0,0,0,0,0.000286232,0,0,0,0,0.001261165,0,0,0,9.11E-05,0,0,0,8.59E-05,0,7.09E-06,0,0,0,0,2.67E-05,0,0,0,0,0,3.58E-06,0,9.19E-06
P_Hal040,0.012433787,0.00090228,0.002082001,0.001421931,0.000629202,6.96E-05,3.37E-05,0.001384281,0.000435834,1.89E-05,0,0,0,1.40E-05,0.001312429,0,0,0,0,0.004501168,0,0,0,0.000119598,0,0,0,0.000725178,0,0,7.97E-05,2.32E-05,0,4.64E-06,7.50E-05,0,0,0,3.90E-05,0,6.05E-06,0,1.04E-05
P_JC28,0.002137426,0,0.000117032,0.00042315,6.47E-05,5.33E-06,0,0.000771526,0.000704339,0,0,0,0,0,0.000202846,0,0,0,0,0.002686117,0,0,0,4.32E-05,0,0,0,0.000163052,0,0,0,0,0,0,1.90E-05,0,0,0,0,0,0,0,4.36E-06
P_JC3,0.001866851,0,5.81E-05,0.000210084,8.99E-05,5.30E-05,1.69E-05,0.003280426,0.000395298,4.76E-05,0,0,0,0,0.000762504,0,0,0,0,0.02265807,0,0,0,4.29E-05,1.18E-05,0,0,8.10E-05,0.000146923,5.35E-05,0,0,0,0,2.51E-05,0,0,0,0,0,1.69E-06,0,4.33E-06
P_JC31,0.006830469,0.000406026,0.002633735,0.001380112,0.000430467,0.000120028,3.89E-05,0.004819768,0.000898909,0.000132881,2.94E-05,1.83E-05,1.86E-05,0,0.003519398,0,0,0,0,0.029038487,0,0,0,0.000267815,5.81E-06,0,0,7.98E-05,0,1.98E-05,1.10E-05,1.92E-05,0,7.66E-06,7.43E-05,1.33E-05,0,0,0,0,1.50E-05,4.36E-06,2.99E-05
P_JW3,0.005326782,0,0.002134352,0.000160774,0.000486717,0.000200618,4.86E-05,0.001150003,0.000174529,0,6.16E-05,0,0,0,0.001009485,0,0,0,0,0.003191676,0,0,0,6.57E-05,0,0,0,0,0,0,0,0,0,8.92E-06,2.88E-05,0,0,0,0,0,5.82E-06,0,1.24E-05
P_KMM661,0.122528563,0.002506609,0.011134151,0.014332087,0.003349781,0.000117362,6.99E-05,0.001331545,0.000277471,1.03E-05,7.77E-06,0,0,0,0.000916625,0.000159904,0,0,0,0.00391035,0,0,0,0.000205116,0,0,0,0,0,0,0,2.53E-05,0,0,0.000106413,0,0,0,0,6.61E-06,4.40E-06,0,1.13E-05
P_M1318928,0.03052019,0,0.000640865,0.000686569,0.00015746,6.49E-06,1.04E-05,0.000722201,0,0,0,0,7.71E-06,0,0.000260065,0,0,0,0,0.001898797,0,0,0,1.75E-05,0,0,0,0.000446437,0,0,0,0,0,0,1.54E-05,0,0,0,0,0,0,0,0
P_M1400202,0.002334115,7.37E-05,0.000124655,0.000300475,0.000110259,2.27E-05,2.73E-05,0.000442497,0,0,1.92E-05,0,0,0,0.000387748,0,0,0,0,0.001070058,0,0,0,4.60E-05,0,0,0,4.34E-05,0,0,0,6.95E-06,0,0,6.06E-05,0,0,0,0,0,7.25E-06,0,4.65E-06
P_M8,0.01391693,0.00047205,0.001882846,0.003369512,0.000567754,0.000124811,5.82E-05,0.007136993,0.000985361,0.000841249,1.76E-05,0,4.33E-05,3.45E-05,0.007657116,0.000421588,4.17E-05,0,5.15E-05,0.034103896,0,0,0,0.000660185,1.16E-05,0,0,0.000158984,7.21E-05,5.91E-05,3.27E-05,0.000566317,0,0,0.000123322,8.86E-06,0,5.82E-06,0,0,1.33E-05,0,3.40E-05
P_MB47,0.00133376,0,0.000569841,0.000343395,0.000220515,1.30E-05,0,7.22E-05,7.46E-05,0,1.46E-05,0,0,0,0.000652575,0,0,0,0,0.000387398,0,0,0,0,0,0,0,0,0,0,0,0,0,0,0,1.11E-05,0,0,0,0,0,0,5.31E-06
P_MEBiC03607,0.012424047,0.000251662,0.001916335,0.002052999,0.000690569,5.18E-05,3.10E-05,0.008470224,0.000928599,0,0,0,0,2.86E-05,0.006133354,0,0,0,0,0.153451419,0,0,0,0.000349466,0,0,0,0.000494426,0,8.17E-06,0,7.92E-06,0,0,0.000276135,2.20E-05,0,0,3.99E-05,3.09E-06,3.09E-05,1.08E-05,8.20E-05
P_MM172,0.002999142,9.34E-05,0.000553262,0,0.000104865,7.20E-06,1.15E-05,0.000721455,8.27E-05,0,0,0,0,3.19E-05,0.000555308,0,0,0,0,0.00199211,0,0,0,3.89E-05,0,0,0,0,0,0,0,0,0,0,1.71E-05,6.14E-06,0,0,0,0,2.30E-06,0,0
P_MMG024,0.013953335,0.000734009,0.000966047,0.000249495,0.000167846,6.29E-06,6.71E-06,0.001003117,0.000613903,0,1.42E-05,0,7.47E-06,0,0.001187463,0,0,0,0,0.003937717,0,0,0,0.000101927,0,0,0,0.000192276,0,0,0,0,0,0,4.47E-05,0,0,0,0,0,2.01E-06,0,1.29E-05
P_McH142,0.001809471,6.60E-05,0.000111649,0,3.70E-05,2.54E-05,8.14E-06,0.000585059,5.84E-05,3.05E-05,0,0,0,0,0.000323103,0,0,0,0,0.001307343,0,0,0,2.75E-05,0,0,0,0,0,0,0,0,0,0,1.21E-05,0,0,0,0,0,0,0,4.16E-06
P_McH17,0.000822961,7.45E-05,6.31E-05,0,1.39E-05,1.15E-05,0,0.000277145,3.30E-05,0,0,0,0,0,0.000265439,0,0,0,0,0.000662887,0,0,0,0,0,0,0,0,0,0,0,0,0,8.44E-06,1.36E-05,0,0,0,0,0,5.50E-06,0,1.18E-05
P_N12309,0.02152829,0.000744288,0.002029119,0.000252989,0.000448698,0.000159437,9.86E-05,0.001230058,0.000512647,0,0,0.000201534,0,4.23E-05,0.001052497,0,0,1.84E-05,0,0.00413201,0,0,0,0.000137805,7.10E-06,0,0,4.87E-05,0,8.05E-06,0,0.000124853,0,4.68E-06,7.56E-06,0,0,0,0,0,6.10E-06,0,1.04E-05
P_NBRC102222,0.047420006,0.001565107,0.004414019,0.008777849,0.003806672,0,0,0.000174098,3.85E-05,0,7.55E-06,0,0,0,0.00019582,0,0,0,0,0.001630288,0,0,0,7.24E-05,0,0,0,0,0,0,0,0,0,0,7.95E-06,0,0,0,0,0,0,0,2.74E-06
P_NBRC12985,0.11011134,0.009684599,0.010278366,0.025295362,0.013382794,1.97E-05,3.49E-06,0.000485994,0.000112847,0,1.47E-05,0,0,0,0.00010011,0,0,0,0,0.002377576,0,0,0,0,0,0,0,0,0,0,1.38E-05,0,0,0,1.55E-05,0,0,0,0,0,0,0,2.68E-06
P_NJ631,0.001498107,0,6.05E-05,0,0,1.10E-05,0,0.000736584,0,0,0,0,0,0,0.000552591,0,0,0,0,0.012878812,0,0,0,2.98E-05,0,0,0,0,0,0,0,0,0,0,1.31E-05,0,0,0,0,2.64E-06,0,0,0
P_OANN1,0.001506796,0,0.0001228,0.000222003,4.07E-05,1.12E-05,0,8.30E-05,3.21E-05,0,0,0,0,0,0.000159633,0,0,0,0,0.000715218,0,0,0,1.51E-05,0,0,0,0,0,1.41E-05,0,0,0,0,0,0,0,0,0,0,0,0,2.29E-06
P_OF5H5,0.001298111,0,0,6.91E-05,2.54E-05,5.23E-06,0,0.000368534,0.000180153,0,0,0,0,0,9.77E-05,0,0,0,0,0.000684616,0,0,0,0,0,0,0,4.00E-05,0,0,0,0,0,0,6.20E-06,0,0,0,0,0,0,0,0
P_OF7H1,0.003227775,0.000279416,0.00029551,0.000284926,0.000300591,1.08E-05,0,0.002997133,0.000618604,0,0,0,6.40E-06,0,0.001309755,0,0,0,0,0.161821881,0,0,0,0.000247353,0,0,0,0.000164686,0,0,0,6.59E-06,0,0,0,0,0,0,6.65E-05,0,0,0,0
P_OFAV1,0.003667217,0.000151827,0.000192687,0,0.000142029,0,6.24E-06,0.002258272,0.001075625,0,0,0,0,0,0.000367771,0,0,0,0,0.005891523,0,0,0,0,0,0,0,4.47E-05,0,0,0,0,0,0,2.08E-05,0,0,0,0,2.80E-06,1.87E-06,0,4.79E-06
P_OOF1S7,0.002840638,6.80E-05,0.00017263,0.000208059,5.09E-05,2.62E-05,2.80E-06,0.00019454,0.000150573,7.86E-06,0,0,0,0,0.00012111,0,0,0,0,0.000854803,0,0,0,0,0,0,0,0,0,0,0,0,0,0,0,0,0,0,0,5.02E-06,0,0,8.58E-06
P_Of11M6,0.000599294,0,0.000239701,0.000288895,2.65E-05,5.46E-06,0,0.000162074,0.000156805,0,0,0,0,0,0.000242972,0,0,0,0,0.000323483,0,0,0,0,0,0,0,0,0,0,0,0,0,0,1.30E-05,4.65E-06,0,0,0,0,0,0,2.23E-06
P_Of5H6,0.001249893,0,0.000229606,6.92E-05,5.08E-05,1.05E-05,0,0.000446339,6.01E-05,7.84E-06,0,0,0,0,9.77E-05,1.51E-05,0,0,0,0.00060807,0,0,0,0,0,0,0,0,0,0,0,0,0,0,0,0,0,0,0,2.50E-06,0,0,0
P_Of7M16,0.000824706,5.80E-05,0.000392492,0.000118261,0.000119338,9.84E-05,9.30E-05,0.000331729,2.57E-05,0.00334896,0,0,2.13E-05,0.001068756,0.000145776,0.002317515,0,0.001845388,0.002279873,0.000605345,0,0,0,2.42E-05,0.002175755,0.003238006,0,3.42E-05,9.30E-05,8.47E-05,0.001332843,0.001482785,0,0,2.12E-05,0,0,0,0,0,0,0,7.32E-06
P_P111,2.978941243,0.001748319,0.003845964,0.004546132,0.001619138,2.02E-05,1.80E-05,0.000150026,0,0,0,0,0,0,5.49E-05,0,0,0,0,0.000882547,0,0,0,0,0,0,0,0,0,0,0,8.25E-06,0,0,0,0,0,0,0,0,0,0,5.52E-06
P_P18,0.001918575,0.000170512,0.000649202,0.00104325,0.000111656,1.31E-05,7.01E-06,0.000170706,0.00011325,0,0,0,0,0,0.000785878,0,0,9.49E-06,0,0.000690936,0,0,0,8.88E-05,0,2.38E-05,0,0.000401995,0,0,0,0,0,0,0,0,0,0,0,0,0,0,0
P_P19,0.002989984,0.000159185,0.000942784,0.000324649,0.000104239,1.84E-05,1.31E-05,0.00104726,0.000740089,0,3.45E-05,0,0,0,0.001902961,0,0,0,0,0.003894824,0,0,0,6.63E-05,0,0,0,4.69E-05,0,0,0,0,0,0,2.18E-05,0,0,0,0,0,7.83E-06,0,1.00E-05
P_P94,0.003480191,0.000243161,0.000257167,0,0.000193348,0.000342221,8.75E-05,0.000330378,0.000699839,0,5.28E-06,0.000732486,0,9.34E-05,7.80E-05,0,0,6.09E-05,0.000208843,0.000434207,0.000107674,0,0,2.53E-05,6.79E-05,0.000118809,0,0.001146537,0.004226846,0.00211302,3.94E-05,0,0,0,0,0,0,0,0,0,0,3.92E-06,0
P_PA2MD11,0.004451654,0.000336427,7.12E-05,0.000257296,6.29E-05,1.30E-05,0,0.00139535,7.45E-05,0,0,0,0,0,0.000933863,0,0,0,0,0.003448542,0,0,0,0,0,0,0,0.000148716,0,0,0,0,0,0,0,1.10E-05,0,0,0,3.10E-06,2.07E-06,0,0
P_PAST1,0.008047724,0.000154057,0.001303449,0.000314191,0.000403523,5.94E-06,6.33E-06,0.015687603,0.005764096,1.78E-05,0.000120314,0,7.06E-05,0,0.00474838,0,0,1.71E-05,8.82E-05,0.10604466,0,0,0,0.000385072,2.65E-05,0,0,0.000908004,8.24E-05,9.75E-05,0,3.63E-05,0,0,1.41E-05,1.01E-05,0,0,5.50E-05,5.68E-06,1.70E-05,8.44E-05,1.21E-05
P_PPB1,0.002228347,0.000194075,0.00098522,0.000329838,9.68E-05,2.00E-05,1.33E-05,0.000333078,8.59E-05,1.49E-05,0,0,0,0,0.000325265,0,0,0,0,0.001635036,0,0,0,0,0,0,0,0,0,0,0,0,0,0,1.77E-05,0,0,0,1.54E-05,0,6.36E-06,0,1.02E-05
P_Ps84H4,0.008766194,0,0.00079653,0.000720002,0.000278883,0,0,0.032673455,0.004550644,0,0,6.37E-05,0,0,0.007780211,0,0,0,0,0.305295391,0,0,0,0.001127553,0,0,0,0.000647355,0,0,0,1.48E-05,0,0,0,0,0,0,0,5.79E-06,0,0,0
P_R96,0.002676713,0,0.000381754,0,4.82E-05,1.49E-05,1.06E-05,0.000387184,0,0,0,0,0,0,0.000163731,0,0,0,0,0.000681749,0,0,0,2.69E-05,0,0,0,0,0,0,0,0,0,3.65E-06,1.18E-05,0,0,0,0,0,4.76E-06,0,2.03E-06
P_S2893,2.476614308,0.001592905,0.001647219,0.004872954,0.000943735,0.00012284,9.46E-05,0.000202503,0.000117552,4.09E-05,8.45E-05,0.000179715,0.000113536,1.51E-05,0.00115639,5.93E-05,0,5.91E-05,6.76E-05,0.002744133,0.000341989,7.62E-05,0,5.53E-05,8.36E-05,4.94E-05,0.000111538,0,0.000141997,6.89E-05,7.16E-05,2.51E-05,0.00051327,0.000295533,0.000695886,0.000238284,0.000339615,0.000405123,0.000568564,0.000137116,0.000187168,0.000142523,0.00012004
P_S3173,0.615097623,0.025086949,0.151184209,0.036941059,0.030889629,1.40E-05,9.31E-05,0.004170786,0.000320811,1.05E-05,7.86E-06,4.90E-05,8.30E-05,0,0.00275351,0,0,0,0,0.037737413,0,0,0,0.000320697,0,0,0,5.34E-05,0,0,0,0,0,0,0,0,0,0,0,0,0,0,0
P_S3178,0.047069424,0.011440491,0.008993073,0.032185215,0.025062856,3.13E-05,4.00E-05,0.000232086,0.00021556,0,0,0,7.44E-06,1.38E-05,0.000875405,3.62E-05,0.000100291,9.03E-06,0,0.001961545,0,3.49E-05,0,1.69E-05,0,0,0,4.78E-05,8.68E-05,0,1.31E-05,7.66E-06,0.002583701,0.000946085,0.001350266,0.001316185,0.002736898,0.000644773,0.001370825,0.000918934,0.000800176,0.001850356,0.000662925
P_S3260,1.003553616,0.068204584,0.139477868,0.05889522,0.051024348,0.013839473,0.009047596,0.196474726,0.133779084,0.024818979,0.046894008,0.35930096,0.034407627,0.143390367,0.122167572,0.025251054,0.531418847,0.611811608,0.147716424,0.227207914,0.428484447,0.436946299,0.454019884,0.072060959,0.343087992,0.027038162,2.165384294,0.174710117,0.052210224,0.034060826,0.279777789,0.053785712,0.443491396,0.219488149,0.358713993,0.53042914,0.709524212,0.335499973,0.193007406,0.130171628,0.157846663,0.222799869,0.135270304
P_SCSIO11900,1.205645211,0.213696212,0.237337844,1.180505364,1.722221501,0.058620701,0.045264966,0.215054049,0.01804257,0.023474275,0.123150459,0.109084291,0.133216489,0.23990293,0.509478856,0.090384417,0.385554036,0.250179684,0.214077556,0.037953445,0.327255082,0.154068071,0.048233254,0.159169144,0.036379377,0.123828044,0.092496733,0.085479723,0.19867564,0.11967238,0.154278793,0.109517025,0.195507629,0.081591358,0.150001879,0.110434306,0.1978623,0.053876409,0.144564845,0.093586819,0.079781369,0.154268067,0.058041491
P_SCSIO43088,0.021120696,0.000557899,0.003573919,0.002925778,0.001580598,0.000239703,0.000127776,0.012675241,0.002964344,0,0,1.08E-05,2.92E-05,1.36E-05,0.007690973,0.000551645,0,0.000186239,7.61E-05,0.296438198,0,0,0,0.001626903,0,6.68E-05,0,0.000798567,0,0,0.000116108,0.00023313,0,0,1.46E-05,0,0,0,3.79E-05,0,5.88E-06,0,2.51E-06
P_SCSIO43095,1.077685067,0.003508025,0.025839655,0.008627379,0.008841117,0.000111394,0.000144208,0.002361009,0.000274111,4.77E-05,3.58E-05,0,0,1.76E-05,0.002528983,2.30E-05,0,0,0,0.017141533,0,0,0,0.000752194,0,0,0,6.08E-05,0,0,1.67E-05,0,0,1.75E-05,3.77E-05,0,0,0,0,3.81E-06,0,0,1.95E-05
P_SCSIO43101,0.046843897,0.000841714,0.003418352,0.002145782,0.000850386,0.000707525,0.00029065,0.008884123,0.000745394,0.00032084,1.46E-05,0,0,0.000646402,0.002122643,0.012835878,0,0.000496401,0.002329414,0.106339385,0,0,0,0.000385714,0.000151769,0.010457863,0,0.00089298,0,0,0.005776857,0.00017473,0,0,2.31E-05,5.53E-06,0,0,0,3.11E-06,1.24E-05,0,1.33E-05
P_SCSIO43201,0.007344622,0.000295629,0.000875441,0.000904378,0.000276551,0.000136789,3.95E-05,0.001395261,0.000163625,6.83E-05,1.28E-05,0,0,1.26E-05,0.002188953,0,0,0,0,0.004205426,0,0,0,0.000107761,6.35E-06,0,0,4.36E-05,0,5.04E-05,0,6.97E-06,0,8.37E-06,0.00018922,9.71E-06,0,0,0,5.45E-06,1.09E-05,4.76E-06,3.73E-05
P_SDCH90,0.014540997,0.000162081,0.001714165,0.001239578,0.000515511,0.001043684,0.000483055,0.009504059,0.000789434,0.000252741,7.03E-06,0,7.43E-06,0,0.004032192,0,0,0.000171336,6.19E-05,0.087177893,0,0,0,0.000320725,0,0.001153959,0,0.000525411,0.000130036,7.89E-06,7.87E-05,0.000107056,0,4.59E-06,2.22E-05,0,0,0,1.93E-05,0,3.99E-06,5.22E-06,1.79E-05
P_SG411,0.111978679,0.000596383,0.007884185,0.026226231,0.009930553,1.72E-05,2.15E-05,0.008785301,0.001749457,0.000378878,1.29E-05,0,0,0,0.000993664,0,0,0,0,0.058569647,0,0,0,0.000232919,0,0,0,0.000307566,0,0,0,0,0,0,0,0,0,0,0,0,0,0,0
P_SG412,0.293650892,0.001565837,0.008453629,0.020377139,0.005663842,5.75E-06,3.07E-06,0.000170624,3.30E-05,0,0,0,0,0,9.76E-05,0,0,0,0,0.00069902,0,0,0,1.55E-05,0,0,0,0,0,0,0,0,0,0,2.73E-05,0,0,0,0,0,0,0,4.70E-06
P_SG415,0.267500993,0.000805088,0.008359799,0.024852857,0.004710502,3.39E-05,6.02E-06,0.000293091,6.48E-05,0,0,9.91E-06,0,0,9.39E-05,0,0,0,0,0.000681115,0,0,0,7.62E-05,0,0,0,0,0,0,0,6.91E-06,0,0,0,0,0,0,0,0,0,0,0
P_SG416,0.005250016,0.003648874,0.006468499,0.003366468,0.002096801,1.34E-05,7.14E-06,0.000149102,0,0,0,0,0,0,5.92E-05,0,0,0,0,0.000471375,0,0,0,0,0,0,0,0,0,0,0,1.64E-05,0,0,0,0,0,0,0,0,0,0,0
P_SG418,0.230001928,0.000592742,0.005892708,0.015413001,0.004740889,2.86E-05,3.05E-06,0.000105967,3.28E-05,0,3.86E-05,0,0,0,0.000126118,0,0,0,0,0.000798924,0,0,0,9.26E-05,0,0,0,0,0,0,0,0,0,0,6.77E-06,0,0,0,0,0,5.47E-06,0,4.67E-06
P_SG431,0.053961814,0.006566061,0.029042842,0.042292135,0.01463273,1.92E-05,1.03E-05,0.000166418,7.36E-05,0,0.000173094,0,0,0,7.40E-05,0,0,0,0,0.00062506,0,0,0,1.73E-05,0,0,0,0,0,0,0,0,0,0,0,0,0,0,0,0,0,0,0
P_SG433,0.060672347,0.007856973,0.033591722,0.050031873,0.014606031,6.45E-06,1.03E-05,0.001673591,0.00014804,0,0.00016682,0,2.30E-05,0,8.10E-05,0,0,0,0,0.002448367,0,0,0,6.96E-05,0,0,0,0,0,0,0,0,0,0,7.64E-06,0,0,0,0,0,0,0,0
P_SG434,0.076254055,0.013072819,0.038855908,0.092189065,0.018788461,0,6.98E-06,0.000242813,3.76E-05,0,0.000117858,0,0,0,0.00010448,0,0,0,0,0.000679211,0,0,0,3.54E-05,0,0,0,0,0,0,0,0,0,0,0,0,0,0,0,0,6.26E-06,0,0
P_SG435,0.061670454,0.006063228,0.031719132,0.054164803,0.015801552,2.63E-05,1.05E-05,0.00031755,0,0,7.41E-05,0,0,0,0.000118524,0,0,0,0,0.000818182,0,0,0,1.78E-05,0,0,0,0,0,0,0,0,0,4.83E-06,1.56E-05,0,0,0,0,0,0,0,2.69E-06
P_SG436,0.279796863,0.000600812,0.008451065,0.020677287,0.005859257,1.74E-05,2.16E-05,0.000257783,0,0,0,0,0,0,7.47E-05,0,0,0,0,0.002042555,0,0,0,4.69E-05,0,0,0,0,0,0,0,0,0,0,2.06E-05,0,0,0,0,0,0,0,4.74E-06
P_SG437,0.30322074,0.00124415,0.010464582,0.026269261,0.00476498,1.13E-05,1.20E-05,0.002449253,0.00055089,8.45E-06,1.27E-05,0,0,0,0.000122656,0,0,0,0,0.004380477,0,0,0,0.000152441,0,0,0,8.63E-05,0,0,0,0,0,0,0,0,0,0,0,0,0,0,4.62E-06
P_SG438,0.018949033,0.005048079,0.028203837,0.030708282,0.012082589,1.34E-05,2.50E-05,0.000174269,7.71E-05,0,6.04E-05,0,0,0,0.000102564,0,0,0,0,0.000454299,0,0,0,1.81E-05,0,0,0,0,0,0,0,0,0,0,0,0,0,0,0,0,2.14E-06,0,0
P_SG441,0.283831477,0.000929057,0.008828017,0.019676329,0.005522135,2.76E-05,8.81E-06,0.000224862,0.000253152,0,6.20E-06,0,0,0,5.80E-05,0,0,0,0,0.002125284,0,0,0,0.000119088,0,0,0,0,0,0,0,0,0,0,0,4.69E-06,0,0,0,2.64E-06,0,0,4.51E-06
P_SG4417,0.082627675,0.001456474,0.005577749,0.018291375,0.007443454,1.77E-05,1.26E-05,0.000153487,0.000135769,0,0,0,7.02E-06,0,8.83E-05,0,0,0,0,0.00062914,0,0,0,4.79E-05,0,0,0,0,0,0,0,0,0,0,7.01E-06,0,0,0,0,0,3.77E-06,0,0
P_SG444,0.005362104,0.003024552,0.0059954,0.003348559,0.002085647,2.00E-05,7.10E-06,0.000123591,0,0,0,0,0,0,8.60E-05,1.93E-05,0,0,0,0.000376875,0,0,0,0,0,0,0,0,0,0,0,0,0,0,7.90E-06,0,0,0,0,0,0,0,2.73E-06
P_SG445,0.071115857,0.000384109,0.003737348,0.008617046,0.001095929,0,7.89E-06,8.24E-05,0,0,0,0,0,0,6.54E-05,0.00085762,0,0,0,0.000600158,0,0,0,6.00E-05,0,0,0,0,0,0,0,0,0,0,0,0,0,0,0,0,0,0,3.03E-06
P_SG448,0.087642512,0.001034216,0.007471401,0.019145253,0.007843978,6.14E-06,0,0.000204802,7.05E-05,0,0,0,0,0,0.000129165,0,0,0,0,0.000707567,0,0,0,4.97E-05,0,0,0,4.69E-05,0,0,0,0,0,0,0,0,0,0,0,0,1.96E-06,0,5.02E-06
P_SG451,0.063517114,0.006800174,0.026466048,0.053740658,0.014567447,1.97E-05,3.49E-06,0.000243139,0,0,7.38E-05,0,0,0,5.12E-05,0,0,0,0,0.000481631,0,0,0,0,0,0,0,0,0,0,0,0,0,0,7.77E-06,0,0,0,0,0,0,0,0
P_SG452,0.056987026,0.00798151,0.038003548,0.057838223,0.015584187,0,1.75E-05,9.71E-05,3.76E-05,0,0.000103152,0,7.78E-06,0,0.000142306,0,0.000104953,0,0,0.000661886,0,0,0,0,0,0,0,0,0,0,0,0,0,0,0,0,0,0,0,0,0,0,5.36E-06
P_SG453,0.043132088,0.00556734,0.022323262,0.036695666,0.011533203,6.22E-06,1.33E-05,0.000830855,7.15E-05,0,0.000245052,0,1.48E-05,0,0.000171147,0,0.000199465,0,0,0.001875804,0,0,0,0,0,0,0,0,0,0,0,7.61E-06,0,0,0,0,0,0,0,0,0,0,0
P_SG455,0.006487079,0.004921507,0.005405877,0.003697888,0.002471568,6.66E-06,1.77E-05,0.000296366,7.65E-05,0,1.50E-05,0,0,0,9.50E-05,0,0,0,0,0.000779792,0,0,0,3.60E-05,0,0,0,0,0,0,0,0,0,0,0,0,0,0,0,0,0,0,0
P_SG456,0.042875561,0.006065169,0.022715954,0.042138959,0.011256737,0,9.97E-06,0.000925264,0.000214845,0,0.000273677,0,2.96E-05,0,0.000122828,0,0,0,0,0.00164956,0,0,0,1.68E-05,0,0,0,9.53E-05,0,0,0,0,0,0,1.48E-05,0,0,0,0,0,0,0,0
P_SK18,1.235899667,0.053283876,0.375278348,0.179737532,0.122463992,3.72E-05,0.006178352,0.001960374,0.000854828,0.000445993,8.38E-05,0,0.000141535,1.65E-05,0.003928204,0.000689679,5.97E-05,0,5.53E-05,0.074195075,0,0,4.66E-05,0.000180958,8.29E-06,0.000242559,0,0,5.16E-05,9.40E-05,3.12E-05,0.000182166,0.000252489,0.000628336,0.00418367,5.71E-05,0.000155978,1.67E-05,0,3.20E-05,4.99E-05,0.000118151,1.52E-05
P_SK20,1.048339157,0.012846707,0.077962084,0.022713043,0.022651984,0.000142547,0.000159571,0.015491681,0.002005233,0.000811337,0.001748338,0.004204291,0.001897194,0.000346997,0.03452027,0.00117623,0.00165647,0.001902573,0.002116765,0.088738941,0.004256241,0.001393281,0.001248552,0.000596783,0.001825174,0.001548271,0.003086933,0.00070815,0.002422217,0.002420648,0.001840109,0.001168588,0.001933987,0.001213675,0.001749322,0.000989371,0.000616038,0.001500819,0.000901694,0.000726235,0.000859181,0.000512038,0.000571442
P_SMS1,0.00068781,6.59E-05,0.002006372,0.000268682,4.93E-05,5.08E-06,8.12E-06,0.000150734,0,0,0,0,0,0,0.001102262,0,0,0,0,0.000579079,0,0,0,0,0,0,0,0,0,0,0,1.24E-05,0,0,1.81E-05,0,0,0,3.13E-05,0,0,0,0
P_SR411,0.051414103,0.006432916,0.032226867,0.053686608,0.015424504,1.31E-05,1.39E-05,0.00019369,0,0,0.000190968,0,0,0,7.98E-05,0,0,0,0,0.000470879,0,0,0,1.76E-05,0,0,0,0,0,0,0,0,0,0,0,0,0,0,0,0,0,0,2.67E-06
P_SR414,0.1119599,0.00072213,0.008370423,0.027024828,0.010565263,1.67E-05,0,4.13E-05,0.001247016,0,0,0,0,0,6.43E-05,0,0,0,0,0.000748898,0,0,0,3.01E-05,0,0,0,0,0,0,0,0,0,0,0,0,0,0,0,2.66E-06,0,0,0
P_SR415,0.018451654,0.003743359,0.026073991,0.026542721,0.0123784,6.71E-06,7.16E-06,4.98E-05,0,0,3.02E-05,0,0,0,7.52E-05,0,0,0,0,0.000292967,0,0,0,5.44E-05,0,0,0,0,0,0,0,0,0,0,0,0,0,0,0,0,0,0,2.75E-06
P_SR416,0.228381072,0.000729795,0.005557182,0.01436281,0.004765234,5.63E-06,6.00E-06,0.000125249,0,0,1.27E-05,0,0,0,9.94E-05,0,0,0,0,0.001097678,0,0,0,3.04E-05,0,0,0,0,0,0,0,0,0,0,6.67E-06,0,0,0,0,0,0,0,0
P_SR417,0.04930368,0.008204228,0.031165607,0.051732748,0.01389291,0,3.44E-06,0.000167623,0,0,7.99E-05,0,0,0,7.89E-05,0,0,0,0,0.00033923,0,0,0,0,0,0,0,0,0,0,0,0,0,0,0,0,0,0,0,0,0,0,2.64E-06
P_SR418,0.101562773,0.000555731,0.008261955,0.016919753,0.007189021,1.22E-05,3.26E-06,4.54E-05,0,0,0,0,0,0,5.82E-05,0,0,0,0,0.000910569,0,0,0,3.31E-05,0,0,0,0,0,0,0,0,0,0,0,1.04E-05,0,0,0,0,0,0,0
P_SR432,0.033421047,0.008403213,0.060650839,0.05832119,0.023614841,1.98E-05,1.41E-05,0.000196215,0,0,2.98E-05,0,0,0,9.43E-05,0,0,0,0,0.000450517,0,0,0,3.57E-05,0,0,0,0,0,0,0,0,0,0,0,0,0,0,0,0,8.44E-06,0,0
P_SR433,0.071367089,0.00834477,0.031735138,0.056845869,0.015548113,1.33E-05,2.48E-05,0.000123037,7.62E-05,0,6.72E-05,0,0,0,0.000137423,0,0,0,0,0.000729692,0,0,0,1.79E-05,0,0,0,0,0,0,0,0,0,0,0,0,0,0,0,0,2.12E-06,0,2.71E-06
P_SR435,0.053716891,0.006260879,0.02777452,0.05271401,0.013613192,1.96E-05,2.43E-05,0.000871224,0,0,0.000227592,0,0,0,0.000132936,0,0,0,0,0.00056655,0,0,0,1.76E-05,0,0,0,0,0,0,0,0,0,0,2.32E-05,0,0,0,0,0,2.08E-06,0,8.01E-06
P_SR436,0.017965576,0.004840028,0.029633269,0.031138377,0.0113439,0,1.45E-05,0.000100686,0,0,1.53E-05,0,0,0,5.99E-05,0,0,0,0,0.000268952,0,0,0,5.50E-05,0,0,0,0,0,0,0,0,0,4.98E-06,1.61E-05,0,0,0,0,3.25E-06,0,0,2.78E-06
P_SR437,0.030784552,0.005717244,0.046833318,0.05865326,0.023127288,6.68E-06,3.56E-06,0.000148668,0,0,6.01E-05,0,0,0,0.000138375,1.93E-05,0.00016061,0,0,0.000547344,0,0,0,0,0,0,0,0,0,0,0,0,0,0,2.38E-05,0,0,0,0,0,4.26E-06,0,5.47E-06
P_SR442,0.044498685,0.00504846,0.037429039,0.044412572,0.01882661,1.32E-05,0,0.000171328,0,0,8.91E-05,0,0,0,6.95E-05,0,0,0,0,0.000355543,0,0,0,5.35E-05,0,0,0,0,0,0,0,0,0,0,7.82E-06,0,0,0,0,0,2.10E-06,0,0
P_SR445,0.293950199,0.000591645,0.007571253,0.023076708,0.005617656,5.70E-06,9.12E-06,6.35E-05,0,0,0,0,0,0,0.000160744,0,0,0,0,0.000645067,0,0,0,1.54E-05,0,0,0,0,0,0,0,0,0,0,6.76E-06,0,0,0,0,0,5.46E-06,0,2.33E-06
P_SR448,0.099068516,0.000619901,0.008063969,0.022124415,0.009263845,1.79E-05,0,0.000177315,0,0,0,0,0,0,0.000103488,0,0,0,0,0.001085657,0,0,0,8.07E-05,0,0,0,0,0,0,0,0,0,0,0,0,0,0,0,0,0,0,0
P_SR451,0.05304969,0.009296394,0.034739249,0.063812604,0.013801603,6.64E-06,7.08E-06,9.85E-05,0,0,0.000283835,0,0,0,8.34E-05,0,0,0,0,0.000422695,0,0,0,0,0,0,0,0,0,0,0,0,0,0,0,0,0,0,0,0,0,0,0
P_SR454,0.116012376,0.000192447,0.003012272,0.008242172,0.001998306,7.42E-06,3.96E-06,0.000110094,0,1.11E-05,0,0,0,0,0.000115911,0.000128906,0,0,0,0.000769905,0,0,0,0,0,0,0,0,0,1.87E-05,9.35E-05,0,0,0,0,0,0,0,0,0,0,0,0
P_SR455,0.043446193,0.007344271,0.026128069,0.054859958,0.015147803,2.05E-05,3.27E-05,0.000253101,7.84E-05,0,6.14E-05,0,0,0,0.000127444,0,0,0,0,0.002017617,0,0,0,1.84E-05,0,0,0,0,0,0,0,0,0,0,1.62E-05,0,0,0,0,0,2.18E-06,0,5.58E-06
P_SR456,0.267935371,0.00052497,0.008883321,0.019959876,0.005850999,1.74E-05,6.17E-06,0.000107258,0,8.66E-06,0,0,1.37E-05,0,5.30E-05,0,0,0,0,0.000512494,0,0,0,7.81E-05,0,0,0,0,0,0,0,0,0,0,1.37E-05,0,0,0,0,0,0,0,2.37E-06
P_SW010604,0.00583147,9.44E-05,0.00079901,9.63E-05,0.000159016,1.46E-05,3.88E-06,0.003106439,0.000543596,0,8.19E-06,1.28E-05,0,0,0.000642985,4.22E-05,0,1.05E-05,0,0.004228815,0,0,0,1.97E-05,0,0,0,0,5.05E-05,0,1.53E-05,3.56E-05,4.30E-05,5.35E-06,0.00020724,4.34E-05,1.91E-05,1.63E-05,0,1.39E-05,1.39E-05,1.83E-05,2.68E-05
P_Scap03,1.414421792,0.026207788,0.16869384,0.023513894,0.030788554,1.00E-04,7.99E-05,0.001350946,0.00016402,0,2.41E-05,0,1.70E-05,0,0.000705705,0,0,0,0,0.007765862,0,0,0,0.000540107,0,0,0,0,0,9.02E-06,0,0,0,0,4.23E-05,0,0,0,0,3.42E-06,1.59E-05,0,3.21E-05
P_SiA1,0.612963826,0.028297364,0.15796832,0.039304712,0.037429072,0.000137748,0.000166179,0.004114289,0.000749279,0,0,0,1.72E-05,3.21E-05,0.00097244,2.10E-05,0,0,0,0.044028129,0,0,0,0.000626625,0,0,0,0.000221638,0,0,3.04E-05,0,0,0,3.44E-05,1.23E-05,0,0,0,6.94E-06,1.16E-05,0,2.37E-05
P_TB25,0.058569861,0.006338772,0.028765749,0.029968421,0.010796683,1.90E-05,2.71E-05,0.002543092,7.29E-05,0,7.14E-05,0,0,0,0.000234978,0,0.000101754,0,0,0.002948484,0,0,0,0,0,0,0,0.000145559,0,0,0,0,0,0,2.26E-05,0,0,0,0,0,1.21E-05,0,2.60E-06
P_UG31,0.032415588,0.001453786,0.004535693,0.001019188,0.000917978,0.000161161,7.47E-05,0.002572998,0.000442553,2.10E-05,6.31E-05,0,8.33E-06,0,0.003352569,0,0,0,0,0.009379279,0,0,0,0.000359594,1.56E-05,0,0,0.000267766,0,1.77E-05,0,1.71E-05,0,0,0.000199395,0,0,0,0,1.34E-05,1.12E-05,0,6.31E-05
P_UG32,0.030954059,0.001011407,0.004356447,0.000750074,0.000963339,0.000134722,7.94E-05,0.003208609,0.000569971,0,1.60E-05,0,2.53E-05,1.57E-05,0.00329627,0,0,0,0,0.008815533,0,0,0,0.000229822,0,0,0,0.000108385,0,3.58E-05,0,1.74E-05,0,0,0.000100887,3.62E-05,0,0,0,0,1.58E-05,1.18E-05,4.06E-05
P_XMcav11Q,0.00218112,0,0.000236098,0.000142276,2.61E-05,5.38E-06,2.87E-06,3.99E-05,0,8.06E-06,0,0,0,0,9.50E-05,0,0,0,0,0.00037851,0,0,0,0,0,0,0,0,0,0,0,0,0,7.90E-06,1.28E-05,0,0,0,0,0,0,0,6.60E-06
P_XMcav2N,0.000893895,0.001543262,0.000965099,0.000136843,0.000188305,0,0,0.000518202,5.94E-05,0,0.000157205,9.08E-06,6.15E-06,0,6.50E-05,0,0.000290281,0,0,0.000357144,0,0,0,0.000447239,0,0,0,7.91E-05,0.001722634,0.001208609,0,0,0,0,0,8.81E-06,0,0,1.60E-05,0,3.30E-06,8.65E-06,6.35E-06
P_XMcav2N2,0.002542209,0.000402821,0.000681637,0.000205382,0.00015073,1.04E-05,5.52E-06,0.000403277,2.97E-05,0,0,0,0,0,0.000117794,0,0,0,0,0.000684726,0,0,0,5.59E-05,0,0,0,0,0.000323179,0.000124198,0,0,0,0,0,0,0,0,0,0,1.65E-06,0,0
P_agarivorans_DSM14585,2.893150559,0.001262999,0.007622664,0.005924369,0.002205452,0.000123372,7.27E-05,0.001083797,0.000671083,0,7.31E-06,0,0,0,0.000895208,0,0,0,0,0.004400747,0,0,0,0.000157846,0,0,0,4.96E-05,0,1.64E-05,0.000149922,0,0,0,4.62E-05,5.53E-06,0,0,0,0,4.14E-06,0,2.66E-05
P_agarivorans_NW4327,3.220724291,0.000341499,0.002167018,0.002002346,0.001277844,2.63E-05,7.37E-05,0.000439568,7.56E-05,0,7.41E-06,0,2.35E-05,0,0.0001878,0,0,0,0,0.001547975,0,0,0,0,0,0,0,0,0,0.000141313,0,0.000241675,0,0,7.81E-06,0,0,0,0,3.15E-06,2.10E-06,1.10E-05,0
P_agarivorans_S816,2.410168943,0.014791017,0.012075278,0.03360533,0.011263389,0.001200675,0.224640603,0.007793569,0.005093841,0.058457861,0.010297884,0.001557507,0.013459417,0.00073807,0.128390641,0.034299315,0.008018657,0.000259871,0.002988098,0.02394071,0.000598899,0.003278524,0.02341188,0.013098284,0.004322394,0.024536594,0.00032706,0.004843177,0.003469789,0.007326954,0.002884235,0.024672878,0.002774021,0.012190977,0.054572433,0.000766885,0.003039959,0.000403449,0.0004734,0.000437162,0.001306129,0.003811401,0.000286504
P_aliena_EH1,0.032657719,0.007912409,0.011486401,0.011041033,0.005189043,0.000244073,6.16E-05,0.001215008,0.000516303,9.62E-06,5.78E-05,0,0,0,0.000761197,0,0,0,0,0.003386389,0,0,0,0.00012144,0,0,0,0,0,0,0,7.86E-06,0,0,9.14E-05,1.64E-05,0,0,0,0,1.84E-05,1.07E-05,1.05E-05
P_aliena_SW19,0.025653053,0.016353152,0.013764007,0.013983226,0.010820017,4.60E-05,1.40E-05,0.000365439,0.000188565,0,1.48E-05,0,0,0,0.000220812,0,0,0,0,0.001225503,0,0,0,5.32E-05,0,0,0,0,0,0,0,0,0,0,1.56E-05,0,0,0,0,0,4.19E-06,0,0
P_amylolytica_JW1,0.004610567,0,0.000933399,0.000401772,0.000221145,0.000157998,6.48E-05,0.000676197,0.000139566,0,1.37E-05,0,7.22E-06,1.34E-05,0.000924469,0,4.87E-05,8.77E-06,0,0.002641058,0,0,0,8.21E-05,0,0,0,0,0,0,0,0,0,0,2.88E-05,5.18E-06,0,0,0,5.81E-06,9.69E-06,0,1.24E-05
P_arctica_A3712,0.050054147,0.00113461,0.011656787,0.015371381,0.003821001,8.75E-05,3.66E-05,0.001599527,0.000179424,0,1.41E-05,0,1.49E-05,0,0.000819204,0,0,0,0,0.003353558,0,0,0,0.000101286,0,0,0,0,0,0,1.31E-05,3.06E-05,0,0,7.41E-05,5.32E-06,0,0,0,2.99E-06,1.99E-05,5.22E-06,2.81E-05
P_arctica_NECBIFX0059,0.017321291,0.00094693,0.006555093,0.010182732,0.003382224,1.33E-05,2.12E-05,9.85E-05,0,9.94E-06,0.000104579,0,0,0,0.000112715,0,0,0,1.64E-05,0.000517325,0,0,0,0,2.22E-05,0,0,0,0.000322302,0.000184395,0,0,0,0,7.87E-06,1.13E-05,0,0,0,0,2.12E-06,0,0
P_arctica_NECBIFX2020001,0.018535207,0.000427916,0.004923899,0.007243497,0.002353771,1.32E-05,7.04E-06,7.34E-05,7.58E-05,0,7.43E-06,0,7.84E-06,0,8.29E-05,0,0,0,0,0.000443778,0,0,0,0,0,0,0,0,0,0,0,0,0,0,0,0,0,0,0,0,0,0,0
P_arctica_NECBIFX2020017,0.017036782,0.000951815,0.004319396,0.006088216,0.002315014,6.67E-06,3.56E-06,0.000173253,0.001915673,0,4.51E-05,0.000316301,5.55E-05,0,5.89E-05,0,0,0,8.26E-05,0.000303082,0.00023686,0,0,0.006740768,0.000646366,0,0,0.00152998,0.003887576,0.004498868,1.40E-05,0,0,0,0,0,0,0,0,1.60E-05,1.49E-05,5.57E-06,6.01E-05
P_aurantia_208,0.00789902,0.00061477,0.003987771,0.000905513,0.000613436,3.16E-05,3.65E-05,0.001582628,0.000181473,0,8.89E-05,0,0,2.33E-05,0.00138988,0,0,0,0,0.004285569,0,0,0,9.96E-05,0,0,0,4.03E-05,0,1.33E-05,6.63E-05,0,0,0,1.87E-05,0,0,0,3.25E-05,5.04E-06,0,0,8.62E-06
P_aurantia_S3788,0.003118587,0.00473897,0.006048298,0.003358127,0.001668065,0.001028232,0.000736316,0.008868356,0.00693519,0.002291605,0.004641925,0.021618461,0.004298643,0.006771495,0.040828754,0.002959078,0.02467157,0.027054346,0.01050115,0.074883447,0.02462533,0.018335872,0.019415169,0.004115713,0.015186186,0.002332297,0.087923712,0.009610209,0.00571378,0.004989476,0.01397661,0.003978973,0.025677427,0.014539439,0.02162181,0.03294795,0.043982304,0.020112843,0.013035106,0.009772439,0.010204746,0.014928093,0.010520306
P_aurantia_S3790,0.005460295,0.027091692,0.027065016,0.011678613,0.009575798,0.005944879,0.004600862,0.120192547,0.083200941,0.017617131,0.03019802,0.202833651,0.023835286,0.084137864,0.132034416,0.018799217,0.287469665,0.325136694,0.087691081,0.23503128,0.249123835,0.236950099,0.246366724,0.048977761,0.184734745,0.0191858,1.175898139,0.106047534,0.038570274,0.024063006,0.154367061,0.032949002,0.456296724,0.215637123,0.390600788,0.604811635,0.86548247,0.35930698,0.247829692,0.136258868,0.162485055,0.253344058,0.144301931
P_aurantia_S3895,0.004008902,0.013455825,0.013125889,0.005407761,0.005049795,0.00279562,0.002036869,0.08472061,0.056250737,0.011821452,0.021662823,0.1406706,0.017567994,0.057192352,0.107866096,0.013625622,0.19474308,0.217871844,0.060593831,0.194173848,0.172632907,0.163881256,0.164745305,0.035150109,0.124946618,0.014055204,0.800640861,0.072403233,0.024215719,0.018018068,0.105662005,0.022876424,0.250406747,0.130867015,0.214705263,0.415146607,0.594747376,0.194083896,0.103798258,0.092362296,0.110463844,0.172061833,0.097793432
P_bablabjr004,0.009319105,0.000252783,0.00042775,0,0.000173411,6.50E-06,0,0.000554344,0.000186547,0,0,0,0,0,0.000311123,7.53E-05,0,0,0,0.001455443,0,0,0,1.76E-05,0,0,0,0,0,0,0,0,0,0,7.70E-05,0,0,0,0,0,1.45E-05,0,7.97E-06
P_bablabjr010,0.009462062,7.85E-05,0.000398624,0.00072065,4.41E-05,1.82E-05,0,0.000494137,3.48E-05,0,0,0,0,0,0.00090066,0,0,0,0,0.001434538,0,0,0,1.64E-05,0,0,0,9.26E-05,0,0,0,0,0,0,0,5.16E-06,0,0,0,0,0,0,0
P_bablabjr011,0.122085432,0.000388161,0.001642074,0.002216567,0.000275964,5.99E-06,4.15E-05,0.007860834,0.001099976,3.59E-05,4.72E-05,1.05E-05,0,0,0.004539588,0,9.60E-05,0,5.93E-05,0.086084118,0,0,0,0.000145533,0.000199969,0,0,0.000640581,0,1.51E-05,0,4.40E-05,0,0,3.55E-05,5.10E-06,0,0,0,2.86E-06,1.15E-05,0,2.69E-05
P_citrea_DSM8771,0.007424512,0.003802492,0.011736863,0.001077078,0.000487455,7.06E-05,2.61E-05,0.001047374,0.000311793,0,6.11E-06,0,6.45E-06,0,0.0005071,0,0,0,1.34E-05,0.002326214,0,0,0,0.000249346,0,0,0,0,0,2.06E-05,0,0,0,0,2.58E-05,9.25E-06,0,0,3.35E-05,2.60E-06,3.46E-06,0,2.44E-05
P_citrea_S2231,0.006556979,0.012626848,0.016146381,0.005194239,0.002912728,0.002124539,0.001504111,0.027642275,0.017725899,0.004292625,0.008080699,0.048789001,0.00639708,0.019761119,0.042194805,0.004965746,0.070544137,0.076750125,0.021155589,0.082022929,0.059135816,0.056889202,0.056697994,0.010131881,0.043033864,0.005388318,0.273670019,0.023975639,0.008019892,0.006629043,0.037556383,0.008265663,0.124939941,0.057981161,0.101614576,0.153784869,0.195730142,0.089105453,0.056849255,0.0361167,0.044946438,0.061289369,0.039060427
P_citrea_S2233,0.018738233,0.072727346,0.071322491,0.080683702,0.114084596,0.005082036,0.00353917,0.024585118,0.001750136,0.001668492,0.011324657,0.013203028,0.012348242,0.020922904,0.02225006,0.007252642,0.042327107,0.023182386,0.016377059,0.002494988,0.038522476,0.021884186,0.005790355,0.027258707,0.002943304,0.010273202,0.014673594,0.006861785,0.012722872,0.006395371,0.012086324,0.009208666,0.017220291,0.006728062,0.011282616,0.007711942,0.013470438,0.004152758,0.009525125,0.007630068,0.006452751,0.010421238,0.005386451
P_distincta_16SW7,0.071107517,0.00388475,0.023222014,0.029451854,0.00922733,0.000117227,3.82E-05,0.00108703,7.48E-05,0,2.93E-05,0,1.55E-05,1.44E-05,0.000782879,0,0,0,0,0.002633244,0,0,0,8.80E-05,0,0,0,0,0,0,0,7.97E-06,0,0,2.32E-05,1.11E-05,0,0,0,0,4.15E-06,0,1.07E-05
P_distincta_22A13,0.063461717,0.003223627,0.022040706,0.029762481,0.009535794,0,0.000623189,9.97E-05,7.72E-05,1.01E-05,7.56E-05,0,0,0,0.000182524,0,0.000107692,0,0,0.000373984,0,0,0,0,0,0,0,0,0,0,0,0,9.91E-06,4.93E-05,0.000191195,0,0,0,0,0,1.29E-05,1.68E-05,2.75E-06
P_distincta_ATCC700518,0.049934732,0.003377073,0.016000726,0.017218355,0.005860197,5.21E-05,3.82E-05,0.000410538,0.000186914,0,5.13E-05,0,0,0,0.000333844,0,0,0,0,0.001351034,0,0,0,0.000140685,0,0,0,0,0,0,0,0,0,9.56E-06,1.54E-05,0,0,0,0,0,2.08E-06,0,2.66E-06
P_distincta_KMM3548,0.071742059,0.009739006,0.027866097,0.037015794,0.01144611,2.73E-05,2.55E-05,0.002101958,0.001489695,0,0.000268895,0.000239733,0.000251519,0,0.00018548,0,0.000492462,0,8.45E-05,0.001562734,0.000213844,0,0,0.005846006,0.004637151,0,0,0.001669847,0.007576731,0.008965151,0.000286625,1.67E-05,0,0,2.43E-05,0,0,0,0,6.53E-06,8.71E-06,5.70E-06,6.14E-05
P_distincta_LMG14908,0.043687715,0.002132927,0.013498603,0.017660918,0.005953916,0,0,0.000170828,3.78E-05,0,0,0,0,0,5.59E-05,0,0,0,0,0.000442398,0,0,0,0,0,0,0,0,0,0,0,0,0,0,0,0,0,0,0,0,0,0,5.38E-06
P_donghaensis_HJ51,0.094708641,0.000242517,0.001778304,0.001154066,0.000862093,9.97E-05,0.000312375,0.00369969,0.001109622,3.74E-05,7.01E-06,3.28E-05,5.93E-05,0,0.002246069,7.22E-05,5.00E-05,9.00E-06,0,0.013294326,0,0,0,0.00020206,1.39E-05,0,0,0.000285876,0,2.36E-05,2.62E-05,7.63E-06,0,0,0.000199576,1.59E-05,0,0,0,1.19E-05,1.59E-05,0,7.65E-05
P_espejiana_DSM9414,0.098682826,0.000850327,0.004316666,0.009364637,0.004740893,0.000144265,4.19E-05,0.001240452,0.000225907,9.82E-06,0,0,0,0.001480171,0.000892928,0,0,0.002024848,0.00071409,0.003985829,0,0,0,0.000106271,0,0,0,0.000100235,9.10E-05,8.28E-06,0.000935958,0,0,0,3.11E-05,5.58E-06,0,0,0,0,8.36E-06,0,1.07E-05
P_flavipulchra_ATCCBAA314,0.001827244,0.000140319,0.000237441,0,0.000183769,1.62E-05,8.65E-06,0.000441501,0.000186392,8.10E-06,1.83E-05,0,0,0,0.000560366,0,0,0,0,0.001173314,0,3.02E-05,0,4.38E-05,0,0,0,4.14E-05,0,0,1.14E-05,0,0,0,7.06E-05,0,0,0,0,0,8.63E-06,0,1.77E-05
P_flavipulchra_LMG20361,0.014952996,0.000354447,0.000419847,0.005421554,0.002201645,0.001437766,0.003872876,0.001622165,0.000125555,0.001654031,0.000110725,0,0.000253357,8.47E-05,0.002797569,0.001788547,8.76E-05,7.89E-06,1.35E-05,0.001341322,4.57E-05,0,0,0.000177191,3.04E-05,0.001504227,0,4.18E-05,0,2.07E-05,6.88E-05,0.011485008,0,1.61E-05,7.13E-05,6.05E-05,0,0,0,1.05E-05,0.000111578,0.000137003,0.000102867
P_flavipulchra_NCIMB2033,0.000282784,7.03E-05,0,0.00014344,2.63E-05,0.000819004,0.000245756,0.000100589,0,0.002827146,0,0,0,0,4.05E-05,0,0,0,0,0.00016182,0,0,0,0,4.23E-05,0,0,0,0,0,0,0,0,0,0,0,0,0,0,0,1.73E-06,0,0
P_flavipulchra_S1925,0.006034257,0.039911593,0.039018597,0.016106899,0.013918519,0.007846937,0.005336589,0.18536257,0.124923163,0.024044175,0.045267753,0.307379217,0.032562191,0.121157847,0.159725765,0.027631236,0.434845113,0.524074784,0.127115629,0.280943697,0.377807716,0.36495248,0.368895708,0.074732209,0.287506518,0.027740372,1.800637667,0.158472637,0.054499237,0.035516276,0.235691063,0.048811448,0.516673291,0.269595777,0.441815863,0.828823777,1.172406292,0.394380757,0.213301925,0.187564372,0.223470388,0.345554798,0.196609811
P_flavipulchra_SCSIO43202,0.008352459,0.000565219,0.00263021,0.000936593,0.000515524,0.000114419,3.49E-05,0.00163695,0.000218986,8.16E-06,1.23E-05,0,1.29E-05,0,0.001622603,0,0,0,0,0.004000804,0,0,0,0.000220748,0,0,0,4.16E-05,0,2.06E-05,1.14E-05,2.67E-05,0,0,0.000174427,9.28E-06,0,0,1.68E-05,0,1.22E-05,4.55E-06,4.01E-05
P_fuliginea_KMM216,0.088797446,0.001284477,0.00326031,0.006221588,0.001772337,6.19E-06,2.97E-05,0.080577475,0,0,2.09E-05,5.43E-05,0,0,0.008785471,1.79E-05,0,0,0,0.007173213,1.29E-05,0,0,0.300842905,6.89E-06,0,5.06E-05,4.73E-05,0,0,0,7.58E-06,0,9.09E-06,7.34E-06,0,0,0,0,0,0,0,5.06E-06
P_fuliginea_S2292,0.0238931,0.00048506,0.003146399,0.00288532,0.001300772,6.23E-06,1.99E-05,0.018892551,0,0,4.21E-05,7.66E-05,8.15E-05,0,0.008233204,0,0,0,1.54E-05,0.006032598,0,0,0,0.193230383,0,0,0,9.53E-05,0,7.87E-06,0,0,0,0,7.39E-06,0,0,0,0,0,0,0,0
P_galatheae_S4498,0.010925256,0.000213934,0.001810055,0.000436307,0.000226812,0.000131984,2.93E-05,0.001550232,6.32E-05,2.47E-05,1.86E-05,0,6.54E-06,0,0.002377245,0,0,0,0,0.004246277,0,0,0,7.43E-05,0,0,0,0.000252183,0,6.94E-06,0,6.73E-06,0,4.04E-06,0.000110849,0,0,0,0,2.63E-06,1.58E-05,4.59E-06,3.37E-05
P_gelatinilytica_NH153,0.004236243,0,0.000202464,0.00065071,0.000104465,3.08E-05,4.59E-05,0.0005704,3.53E-05,0,0,0,0,0,0.000380166,0,0,0,0,0.001029921,0,0,0,4.98E-05,0,0,0,0.000235067,0,0,0,0,0,0,7.29E-06,0,0,0,0,0,3.92E-06,0,0
P_kknpp56,1.055313168,0.005751023,0.024068448,0.006911658,0.006475076,7.92E-06,8.44E-05,5.88E-05,9.09E-05,0,0,0,0,0,0.000126398,0,0,0,0,0.00613277,0,0,0,0,0,0,0,0,0,0,0,0,0,0,0,0,0,0,0,0,0,0,9.72E-06
P_lipolytica_CSB02KR,0.059371314,0,7.38E-05,0.000177869,0.00017949,1.35E-05,3.59E-06,0.000349253,0.000193086,1.01E-05,0,0,0,0,0.000276351,0,0,0,1.66E-05,0.001452548,0,0,0,5.45E-05,0,0,0,0,0,0,1.41E-05,2.47E-05,0,0,3.19E-05,0,0,0,0,0,6.43E-06,0,1.65E-05
P_lipolytica_LMEB39,0.065957594,0.000251188,0.000283367,0.003415222,0.000438625,1.29E-05,5.16E-05,0.007113086,0.003299586,3.87E-05,0,0,0,0,0.008055697,0.000635619,0,0,0,0.053333274,0,0,0,0.000209284,5.75E-05,0,0,0.000345446,0,0,0,0,0,0,7.66E-06,0,0,0,0,0,0,0,2.64E-06
P_luteoviolacea_2ta16,0.000277841,0.002705808,0.000712236,0.000183945,3.37E-05,4.64E-06,9.89E-06,3.44E-05,2.66E-05,0.000770936,5.22E-05,3.26E-05,5.51E-05,0.018419366,4.25E-05,0.011827718,0.00126349,0.035554841,0.038353527,0.000216807,0,0,0,0,0.002369718,0.010845153,0,7.09E-05,0.000578891,0.000298577,0.029743996,0.028300277,0,0,0,0,0,0,0,0,0,0,0
P_maricaloris_LMG19692,0.001920569,0.000137063,0.001913448,0.000139766,0.000179505,2.11E-05,8.45E-06,0.00987975,0.001062066,7.92E-06,0,0,0,0,0.000222536,0,0,0,0,0.011571556,0,0,0,5.71E-05,0,0,0,8.08E-05,0,0,0,0,0,0,0,0,0,0,0,0,1.69E-06,0,0
P_neustronica_PAMC28425,0.025188169,0.038633456,0.266965393,1.460609635,0.251599699,1.78E-05,3.16E-06,0.004094461,0.000647449,0,1.34E-05,0,0,0,0.00021161,0.000171831,0,0,2.94E-05,0.009934185,0,0,0,8.02E-05,0,0,0,0,0,1.50E-05,0,0,0,0,1.41E-05,0,0,0,0,0,0,0,4.86E-06
P_neustronica_SM1927,0.11519202,0.000939577,0.009661786,0.023215652,0.010290386,4.46E-05,2.38E-05,0.002170712,0.000128009,0,0,0,0,0,0.000236584,0.000242059,0,0,0,0.004832313,0,0,0,9.03E-05,0,0,0,8.52E-05,0,0,0,5.46E-05,0,0,0,4.75E-06,0,0,0,0,1.78E-06,0,9.12E-06
P_ostereae_hOe124,0.052226379,0.000808152,0.004717949,0.007251984,0.002555275,0.000105948,3.65E-05,0.001456322,0.000143135,1.87E-05,0,0,0,0,0.001794631,0,0,0,0,0.00695463,0,0,0,0.000235667,0,0,0,0,0,7.87E-06,0,7.63E-06,0,0,1.48E-05,1.06E-05,0,0,0,0,1.19E-05,0,2.55E-05
P_ostereae_hOe125,0.050642182,0.000808565,0.003967842,0.008245109,0.002102751,9.98E-05,3.99E-05,0.001618963,3.58E-05,9.34E-06,3.51E-05,0,7.41E-06,0,0.001662153,1.81E-05,0,0,0,0.007022051,0,0,0,0.000134736,0,0,0,0,0,0,0,1.53E-05,0,9.15E-06,2.96E-05,0,0,0,0,0,3.98E-06,5.21E-06,1.02E-05
P_ostereae_hOe66,0.032466142,0.000329686,0.001952584,0.004538533,0.001094855,1.91E-05,0,0.000612968,0,0,0,0,0,0,0.000213679,0,0,0,0,0.000987793,0,0,0,3.43E-05,0,0,0,0,0,0,0,0,0,0,0,0,0,0,0,0,6.08E-06,0,0
P_peptidolytica_DSM14001,0.001174411,0,0.000189596,0.000304676,2.80E-05,1.15E-05,3.07E-06,0.00047005,0,0,0,0,0,0,0.000230816,0,0,0,0,0.000541227,0,0,0,1.56E-05,0,0,0,0,0,0,0,0,0,0,1.37E-05,0,0,0,0,0,0,0,4.71E-06
P_peptidolytica_F1250A1,0.00137785,0,0.000374785,7.53E-05,2.76E-05,0.000580726,0.000333841,0.000549057,0.000196138,0.003914203,0,0,0,0.000453574,0.000462066,0,0,0,0,0.000991281,0,0,0,1.54E-05,1.27E-05,0,9.31E-05,0,0.00110565,0.000898529,5.98E-05,2.79E-05,0,0,2.03E-05,4.85E-06,0,0,0,0,7.26E-06,0,1.16E-05
P_peptidolytica_NBRC101021,0.001167284,0,6.43E-05,0,5.69E-05,5.86E-06,3.12E-06,0.000369477,6.73E-05,0,0,0,0,0,0.000234792,0,0,0,0,0.000649702,0,0,0,1.58E-05,0,0,0,0,0,0,0,0,0,0,1.39E-05,0,0,0,0,2.80E-06,1.87E-06,0,1.20E-05
P_phenolica_KCTC12086,0.020611324,0.001414736,0.003856933,0.001282343,0.000882291,0.000181834,3.55E-05,0.00285516,0.000591621,1.82E-05,4.09E-05,0,3.60E-05,0,0.002780638,0,0,0,1.50E-05,0.005686793,0,0,0,0.000311053,0,0,0,0,0,3.06E-05,1.27E-05,0.000207654,0,0,0.000114986,0,0,0,1.87E-05,0,3.87E-06,5.06E-06,1.49E-05
P_phenolica_OBC302,0.011269058,0.000315476,0.002535721,0.000562971,0.000531211,0.000687284,0.00094671,0.001466371,0.000453985,0,0.000184783,0,8.67E-05,0.001184445,0.002069477,0.000845256,0.000536176,0.000552891,0.00097844,0.003482953,0,3.40E-05,0,8.21E-05,0,0.002554367,0,0,8.44E-05,0.000199656,0.000676619,0.001748857,0,0,7.21E-05,0,0,0,0,0,0,0,1.99E-05
P_phenolica_S1093,0.002474198,0.007458263,0.009855388,0.002221786,0.004013706,0.000995221,0.000502954,0.048491705,0.034433997,0.005575465,0.015001645,0.098864799,0.011242823,0.03129109,0.049577957,0.006717113,0.140872115,0.186207287,0.038929838,0.098115681,0.118852454,0.111207259,0.116644697,0.016320647,0.092804603,0.007182981,0.534866779,0.044353598,0.018780261,0.011047618,0.073371282,0.014430796,0.075699143,0.031747223,0.055591372,0.040913318,0.037813542,0.053918643,0.035634485,0.014418717,0.017893006,0.01700532,0.013759653
P_phenolica_S1189,0.007866239,0.050309636,0.0472648,0.016739705,0.01121565,0.126652025,0.051810766,0.120309961,0.089900762,0.033942398,0.042118041,0.253133503,0.040827411,0.096338504,0.35203345,0.039880427,0.302750858,0.341541148,0.124359465,0.600862541,0.311241034,0.2404378,0.251792524,0.050507834,0.201776309,0.037282658,1.167777429,0.106478134,0.064038975,0.047838835,0.193911167,0.056703515,0.394319092,0.205715833,0.337947888,0.600493668,0.845865135,0.301655761,0.164841663,0.140644162,0.168476587,0.251355651,0.148139142
P_phenolica_S3663,0.002618731,0,0.001106265,0,3.06E-05,1.26E-05,6.72E-06,0.001963501,0.000217106,0,0,0,0,0,0.00037878,0,0,0,0,0.00258176,0,0,0,0,0,0,0,4.82E-05,0,0,0,1.54E-05,0,0,7.47E-06,0,0,0,1.94E-05,0,0,0,0
P_phenolica_S3898,0.005483372,0.000248076,0.002308814,0,0.000201125,1.28E-05,1.02E-05,0.007876476,0.000146459,0,2.15E-05,1.12E-05,1.52E-05,0,0.002397164,0,0,0,0,0.003044098,0,0,0,0.052654725,0,0,0,0,0,0,0,0,0,0,3.02E-05,0,0,0,0,0,0,0,0
P_piratica_OCN003,0.011706573,0.001509768,0.003966614,0.004861712,0.003330141,0.000330904,4.90E-05,0.006818704,0.000879607,5.51E-05,0.000103428,2.15E-05,7.28E-05,1.36E-05,0.003762196,0,9.82E-05,0,0,0.011163136,1.28E-05,0,0,0.000281374,0,0,0,4.68E-05,0.001572528,0.001601509,0,4.50E-05,0,0,0.000174377,1.57E-05,0,0,0,2.93E-06,4.49E-05,0,4.76E-05
P_porphyrae_MNAD16,0.004145693,8.34E-05,0.000141184,0.000340319,1.56E-05,2.57E-05,2.06E-05,0.000286385,7.39E-05,0,0,0,0,0,0.000279667,0,0,0,0,0.001320828,0,0,0,0,0,0,0,0,0,0,0,0,0,0,7.63E-06,0,0,0,0,0,2.05E-06,0,7.90E-06
P_rhizosphaerae_hCg42,0.119165642,0.001571022,0.010271169,0.022573694,0.007895963,0.000132167,1.76E-05,0.001450247,0.000316192,8.25E-06,2.48E-05,0,6.54E-06,0,0.000676947,0,0,7.95E-06,0,0.00394072,0,0,0,0.00044623,0,0,0,4.21E-05,0,0,0,7.41E-05,0,0,4.57E-05,0,0,0,0,0,1.40E-05,0,9.01E-06
P_rubra_DSM6842,0.00434346,0.000124577,0.000579712,0.000127034,6.99E-05,1.44E-05,6.91E-05,0.000979929,0.000110321,0,0,0,5.71E-06,0,0.000515444,0,0,1.39E-05,0,0.002331496,0,0,0,6.49E-05,5.35E-06,0,0,3.67E-05,0,1.21E-05,0,0,0,0,2.85E-05,0,0,0,0,0,6.13E-06,0,9.82E-06
P_rubra_S1946,0.003079134,0.000204425,0.000749491,0.000833824,0.000242228,1.58E-05,0.00457711,0.001344884,0.000392236,0.000299093,7.10E-05,0,7.49E-05,1.16E-05,0.002537452,0.000578144,0.000168454,0,1.30E-05,0.007597912,1.10E-05,0,0.000328763,5.68E-05,1.17E-05,7.61E-05,0,0.000522108,0,6.63E-05,0,0.000135024,0.000108492,0.00062869,0.002105964,2.24E-05,0.000110108,1.18E-05,0,7.54E-06,3.69E-05,0.000127302,4.30E-06
P_rubra_S2471,0.003264914,0.000265721,0.000618259,0.000203221,6.21E-05,3.07E-05,8.19E-06,0.00058905,0.000235314,0,1.15E-05,0,6.09E-06,0,0.000424465,0,0,0,0,0.001491915,0,0,0,5.53E-05,0,0,0,0,0,0,0,0,0,0,1.82E-05,4.36E-06,0,0,0,0,1.63E-06,0,4.19E-06
P_rubra_SCSIO_6842,0.014997218,0.000647108,0.00224477,0.000461909,0.000447957,0.000104797,3.72E-05,0.002202661,0.000143265,2.24E-05,1.12E-05,0,1.78E-05,2.21E-05,0.002336831,0,0,0,0,0.005650973,0,0,0,0.000161747,0,3.61E-05,0,7.63E-05,0,6.30E-06,3.14E-05,1.83E-05,0,0,0.000597614,1.27E-05,0,0,0,4.77E-06,6.52E-05,4.17E-06,0.000144935
P_ruthenica_LMG19699,0.014539498,0.003903337,0.004717906,0.000947694,0.000886778,5.02E-05,2.67E-05,0.003881177,0.00049381,1.07E-05,8.87E-05,1.26E-05,0,0,0.004689804,0,0,0,0,0.015309342,1.50E-05,0,0,0.000367806,0,0,0,0.000109552,0.003330439,0.003673796,0,1.75E-05,0,5.26E-06,0.000161459,1.83E-05,0,0,4.42E-05,0,2.51E-05,2.39E-05,4.10E-05
P_ruthenica_S2756,0.002173275,9.66E-05,0.000408548,0.000393915,0.000180684,0,1.19E-05,0.001436445,0.00081247,0,0,0,0,0,0.000900322,0,0,0,0,0.005952868,0,0,0,0.000120695,0,0,0,0.000227681,0,0,0,0,0,0,8.83E-06,6.34E-06,0,0,0,0,4.75E-06,0,1.22E-05
P_ruthenica_S3245,0.009233252,0.031188364,0.030900544,0.010508957,0.008997939,0.005821182,0.004177026,0.077367574,0.049514795,0.011099864,0.018246315,0.12007794,0.014331981,0.05330246,0.07955667,0.012413355,0.169008028,0.198871637,0.052331148,0.142164648,0.149320477,0.143095048,0.148948356,0.029920957,0.114667849,0.012721042,0.73206709,0.063884798,0.021468238,0.014672746,0.094017367,0.020736631,0.333574917,0.160994437,0.266231571,0.458800461,0.618140474,0.246404567,0.142557058,0.105839087,0.127625974,0.189363903,0.110670999
P_scap25,1.456580844,0.023620759,0.170852533,0.023330921,0.031125615,0.000114294,9.52E-05,0.001404279,0.000205076,0,0,0,1.70E-05,0,0.000667072,0,0,0,0,0.008213154,0,0,0,0.000559538,0,0,0,0.000163787,0,9.02E-06,0,8.74E-06,0,5.24E-06,5.93E-05,0,0,0,0,0,9.11E-06,5.97E-06,1.46E-05
P_scap26,1.454288601,0.026209665,0.172232058,0.024459979,0.029439224,0.000128558,7.23E-05,0.000874204,0.000123024,0,2.41E-05,0,0,0,0.000742135,0,0,0,0,0.007798221,0,0,0,0.000540146,0,0,0,0.000163757,0,0,0,8.74E-06,0,0,5.93E-05,0,0,0,0,0,2.96E-05,5.97E-06,2.92E-05
P_shioyasakiensis_28,0.002578716,0.000254773,0.000359263,8.66E-05,7.94E-05,1.31E-05,0,0.00046154,0.000225618,0,0,2.30E-05,0,0,0.000395856,0,0,0,0,0.00177894,0,0,0,1.77E-05,0,0,0,0,0,0,5.50E-05,0,0,0,0,0,0,0,0,0,0,0,0
P_shioyasakiensis_BMC2,0.001623953,0,0.000274206,0,4.55E-05,2.50E-05,6.66E-06,0.000278106,7.18E-05,0,0,0,7.42E-06,0,0.000642887,0,0,0,0,0.002097862,0,0,0,0,0,0,0,0,0,3.16E-05,0,0,0,0,7.41E-06,0,0,0,0,0,0,0,0
P_shioyasakiensis_BMC3,0.001739786,0.000160175,0.000271042,0.000163334,0,1.24E-05,0,0.000251989,7.09E-05,0,6.95E-06,0,0,0,0.000505439,0,0,0,1.53E-05,0.001927897,0,0,0,1.67E-05,0,0,0,0,0,0,0,0,0,0,0,0,0,0,0,0,0,0,0
P_shioyasakiensis_BMC4,0.01898981,0,0.00072096,0.000315972,0.000333344,3.58E-05,1.27E-05,0.002326591,0.000480205,8.95E-06,0,0,0,0,0.000914892,0,0,0,0,0.025737003,0,0,0,0,0,0,0,0.00018263,0,0,0,0,0,0,0,0,0,0,0,5.72E-06,0,0,2.44E-06
P_shioyasakiensis_BMC5,0.002174701,0,0.000342967,0.000330683,0.000121344,6.25E-06,6.67E-06,0.000347845,0,0,0,0,0,0,0.000413991,0,0,0,0,0.001957158,0,0,0,1.69E-05,0,0,0,9.56E-05,0,0,1.31E-05,0,0,0,0,0,0,0,0,0,0,0,2.56E-06
P_shioyasakiensis_G21653S1,0.011691888,0.113596821,0.094693334,0.037016559,0.013504794,0.015393504,0.011786377,0.008417011,0.014143068,0.017323998,0.028793512,0.083333135,0.036316092,0.009313943,0.53365063,0.024633342,0.034662626,0.036829575,0.047538326,0.935723875,0.095183303,0.021737878,0.018201656,0.007107214,0.031852214,0.019404393,0.054734467,0.015120047,0.032598771,0.035531853,0.039774448,0.019151439,0.109214601,0.054608969,0.107411137,0.060332685,0.057691993,0.081740481,0.065572968,0.034162711,0.040237736,0.030357573,0.034078783
P_shioyasakiensis_LC2,0.00593996,0.00016307,0.00041391,0.000498857,0.000152546,0.000125755,1.34E-05,0.002448817,0.00046933,1.88E-05,0,0,0,1.39E-05,0.000369382,0.000400504,0,0.000616943,0.002054147,0.00176674,0,0,0,3.40E-05,0,0.000432529,0,0.000672785,0,0,0.000382739,0.000484689,0,0,0,0,0,0,0,0,0,0,0
P_shioyasakiensis_M1400201,0.050665039,0.002096389,0.006685531,0.003946582,0.002051613,0.000540965,0.000301625,0.004589608,0.003712989,3.73E-05,0.000118943,0,4.43E-05,0,0.003644397,0,0,0,0,0.010676666,0,0,0,0.010429615,6.92E-06,0.000135073,0,0.000190092,0,0,0,0.000251069,0,1.37E-05,0.001002674,1.59E-05,0,0,0,0,0.000118978,0,0.000203483
P_spongiae_SAO44,0.014087541,0.001651085,0.005968785,0.01086717,0.00864939,0.000219929,8.33E-05,0.004314861,0.001096611,3.47E-05,9.12E-05,0,6.19E-05,0.000550733,0.004366939,0.002278905,0,0.000208775,0.003136933,0.01280607,0,0,0,0.000234486,0.001656073,0.002472564,0,4.42E-05,0.002207748,0.001695263,0.000996144,0.000545277,0,0,0.000226456,1.97E-05,0,0,0,1.66E-05,6.28E-05,0,7.34E-05
P_spongiae_UST010723006,0.012824792,0.000402622,0.003610896,0.001067462,0.000482098,9.94E-05,6.95E-05,0.003731356,0.000927028,2.79E-05,5.59E-05,2.18E-05,4.43E-05,1.37E-05,0.004133045,0,0,0,0,0.011464554,0,0,0,0.000335456,0,0,0,0,0,0,0,7.60E-06,0,0,0.000169347,1.06E-05,0,0,0,0,3.76E-05,0,5.59E-05
P_tetradonis_CSB01KR,1.161291357,0.003540114,0.028542669,0.007007507,0.007246682,8.03E-06,5.14E-05,0.000238261,0.000322722,1.20E-05,1.81E-05,0,0,0,0.001229706,0,0,0,0.00119235,0.010905315,0,0,0,0.000108439,0,0,0,0,0,0,0,0,0,0,0,0,0,0,0,0,0,0,3.28E-06
P_translucida_KMM520,0.03935082,0.001199469,0.010226532,0.006868311,0.002261388,7.83E-05,3.79E-05,0.001345984,0.000122563,1.07E-05,0,0,0,0,0.000821507,0,5.70E-05,0,0,0.003684899,0,0,0,0.000211406,0,0,0,0.000108763,0,0,0,0,0,0,1.69E-05,0,0,0,2.20E-05,0,4.54E-06,1.78E-05,3.49E-05
P_tunicata_D2,0.054033654,0.004398291,0.016909085,0.008340579,0.0025986,0.000720022,0.000183977,0.0097777,0.013119947,1.78E-05,0.000107132,1.04E-05,6.36E-05,0,0.017814225,1.72E-05,0,8.59E-06,0,0.062253832,0,0,0,0.000723269,1.99E-05,0.000129264,0,4.55E-05,0,7.51E-06,5.00E-05,0.000444139,0,8.74E-06,0.000853723,6.59E-05,0,0,3.67E-05,1.99E-05,0.000149917,1.99E-05,0.000301835
P_undina_DSM6065,6.636189786,0.09720088,0.448580124,0.105609341,0.136827688,0.00010991,9.37E-05,0.000815342,4.21E-05,0,1.65E-05,0,0,0,0.000731523,0,0,0,3.63E-05,0.017198384,0,0,0,0.000277077,0,0,0,0,0,9.25E-06,0,0,0,0,3.48E-05,0,0,0,0,7.01E-06,1.40E-05,0,1.80E-05
P_undina_NEM01,4.058414596,0.085982731,0.276569422,0.06725492,0.092634069,0.000158046,9.57E-05,0.001279012,4.12E-05,0,0,0,1.71E-05,3.18E-05,0.000758676,0,0,0,0,0.0114427,0,0,0,0.000446288,0,0,0,0,0,9.07E-06,1.51E-05,0,0,5.27E-06,5.96E-05,6.12E-06,0,0,0,6.87E-06,9.16E-06,0,1.76E-05
P_undina_NEM02,4.016223554,0.090832864,0.279977166,0.064124418,0.091716437,6.47E-05,9.96E-05,0.000959323,0.000165002,1.08E-05,1.62E-05,0,0,0,0.000695296,2.08E-05,0,0,0,0.011181128,0,0,0,0.000601559,0,0,0,0,0,0,0,0,0,0,3.41E-05,6.12E-06,0,0,0,0,1.15E-05,0,1.47E-05
P_viridis_BBR56,0.019502798,0.00089644,0.002042007,0.001476653,0.000670871,0.000111673,3.69E-05,0.008382831,0.00122132,0,6.58E-05,1.87E-05,6.32E-06,0,0.002621988,0,0,1.53E-05,0,0.052744373,0,0,0,0.000488354,0,3.85E-05,0,0.000243856,0,6.71E-06,1.12E-05,1.30E-05,0,0,0.00013241,4.53E-06,0,0,3.28E-05,7.63E-06,2.04E-05,4.44E-06,3.26E-05
P_xiamenensis_PSDB,0.027551826,0.001331514,0.007533917,0.0043279,0.002911557,0.000641766,0.000242891,0.010521362,0.001547629,7.69E-05,0.000129984,4.51E-05,2.29E-05,0,0.008860933,0.000148647,0.000154296,2.78E-05,1.59E-05,0.020344397,2.68E-05,0,0,0.000832042,5.72E-05,4.65E-05,0,0.000392392,0,7.29E-05,2.69E-05,0.000196311,9.46E-06,1.41E-05,0.000296765,2.73E-05,3.36E-05,0,5.94E-05,1.23E-05,4.50E-05,1.07E-05,0.000149637